{
    "id":  "Demo01.RiskActionDesigner", 
    "priority": 6000, 
    "designer":
    {
        "allowInPortalDesigner": false,
        "allowInSharedoPortalDesigner": false
    },
    "scripts":
    [
        "/_ideFiles/Demo01/RiskAction/designer/RiskActionDesigner.js"
    ],
    "styles":
    [
        "/_ideFiles/Demo01/RiskAction/designer/RiskActionDesigner.css"
    ],
    "templates":
    [
        "/_ideFiles/Demo01/RiskAction/designer/RiskActionDesigner.html"
    ],
    "menuTemplates":
    [
    ],
    "components":
    [
    ]
}
