{
  "ParentNodeNames": [],
  "Root": {
    "Id": "8cf08330-b68a-47f0-bcc3-b11b0101f813",
    "Type": "Folder",
    "Name": "Demo01",
    "Children": [
      {
        "Id": "bc47b021-34b5-4257-90a6-b11b0102314c",
        "Type": "Folder",
        "Name": "RiskWidget",
        "Children": [
          {
            "Id": "c15c6050-75b5-47ba-bb49-b11b01023174",
            "Type": "Css",
            "Name": "RiskWidget.css",
            "Children": [],
            "ContentId": "34c1c434-ddb1-4f19-8576-b11c00eb80d7"
          },
          {
            "Id": "5789bbf3-cf38-44cf-81ec-b11b01023180",
            "Type": "Html",
            "Name": "RiskWidget.html",
            "Children": [],
            "ContentId": "6b8f3ae0-6b8d-4df7-89e5-b11c00eb80d7"
          },
          {
            "Id": "87d3eac0-8577-4599-9fef-b11b01023188",
            "Type": "Js",
            "Name": "RiskWidget.js",
            "Children": [],
            "ContentId": "01ca3a80-ce10-48ee-a087-b11c00eb80d7"
          },
          {
            "Id": "9948cb31-b34d-415b-adeb-b11b01023191",
            "Type": "WidgetManifest",
            "Name": "RiskWidget.widget.json",
            "Children": [],
            "ContentId": "c366fef6-4df4-4b51-ae05-b11c00eb80d7"
          },
          {
            "Id": "6f46aa23-71b8-4918-9007-b11b0102319a",
            "Type": "Js",
            "Name": "RiskWidgetAgent.js",
            "Children": [],
            "ContentId": "d3e9c72f-0599-4242-a261-b11c00eb80d7"
          },
          {
            "Id": "9c000aa5-2461-4903-99f1-b11b010231a4",
            "Type": "Folder",
            "Name": "designer",
            "Children": [
              {
                "Id": "5add279f-e1b1-4729-8c10-b11b010231a7",
                "Type": "Css",
                "Name": "RiskWidgetDesigner.css",
                "Children": [],
                "ContentId": "0dd862ee-7c7f-4f90-92c1-b11c00eb80d7"
              },
              {
                "Id": "3fa91eed-52d3-41e3-959b-b11b010231af",
                "Type": "Html",
                "Name": "RiskWidgetDesigner.html",
                "Children": [],
                "ContentId": "220e315d-a861-4127-a56c-b11c00eb80d7"
              },
              {
                "Id": "48077cd4-d1e2-4d5d-ab24-b11b010231b7",
                "Type": "Js",
                "Name": "RiskWidgetDesigner.js",
                "Children": [],
                "ContentId": "1b92e2df-b564-4ddf-9a79-b11c00eb80d7"
              },
              {
                "Id": "ac3b9505-2ceb-4e11-983e-b11b010231c0",
                "Type": "WidgetManifest",
                "Name": "RiskWidgetDesigner.widget.json",
                "Children": [],
                "ContentId": "f6a05aad-3f58-4cbe-b3ee-b11c00eb80d7"
              }
            ],
            "ContentId": null
          }
        ],
        "ContentId": null
      },
      {
        "Id": "bfd3048d-130d-4fb0-aeed-b11c00a24168",
        "Type": "Folder",
        "Name": "RiskAction",
        "Children": [
          {
            "Id": "dde31d0e-eb82-45b2-b025-b11c00a2419a",
            "Type": "Js",
            "Name": "RiskAction-factory.js",
            "Children": [],
            "ContentId": "cc0c554b-d730-4ebc-8638-b11c00eb80d7"
          },
          {
            "Id": "f279175c-0c52-4b1f-8666-b11c00a241a4",
            "Type": "Js",
            "Name": "RiskAction-template.js",
            "Children": [],
            "ContentId": "fadddf14-ecf4-4617-b718-b11c00eb80d7"
          },
          {
            "Id": "55dc859e-6f30-4a67-b32f-b11c00a241ad",
            "Type": "WfActionManifest",
            "Name": "RiskAction.wf-action.json",
            "Children": [],
            "ContentId": "461c3da8-6f2d-45fa-a456-b11c00eb80d7"
          },
          {
            "Id": "877262ff-ba38-4059-83f3-b11c00a241b6",
            "Type": "Folder",
            "Name": "Designer",
            "Children": [
              {
                "Id": "6553d370-6507-4010-87d1-b11c00a241b9",
                "Type": "Css",
                "Name": "RiskActionDesigner.css",
                "Children": [],
                "ContentId": "79edbb3f-ea78-40e9-a955-b11c00eb80d7"
              },
              {
                "Id": "2c87bb30-431c-42cb-8f45-b11c00a241c1",
                "Type": "Html",
                "Name": "RiskActionDesigner.html",
                "Children": [],
                "ContentId": "56c5a6e7-966e-4a2f-b911-b11c00eb80d7"
              },
              {
                "Id": "48854c33-6f36-46ee-8fd8-b11c00a241c9",
                "Type": "Js",
                "Name": "RiskActionDesigner.js",
                "Children": [],
                "ContentId": "4864193e-dafb-4424-a9a7-b11c00eb80d7"
              },
              {
                "Id": "02d2f6bd-1813-4160-932c-b11c00a241d3",
                "Type": "WidgetManifest",
                "Name": "RiskActionDesigner.widget.json",
                "Children": [],
                "ContentId": "1d84cf9a-329a-4b8f-b374-b11c00eb80d7"
              }
            ],
            "ContentId": null
          }
        ],
        "ContentId": null
      },
      {
        "Id": "5e43dd19-dccb-47fe-8f46-b11c00bd5f4c",
        "Type": "Folder",
        "Name": "PMSWidget",
        "Children": [
          {
            "Id": "be46be29-7b36-4404-b369-b11c00bd5f74",
            "Type": "Css",
            "Name": "PMSWidget.css",
            "Children": [],
            "ContentId": "75b887b0-76b6-4c47-b672-b11c00eb80d7"
          },
          {
            "Id": "af7fd805-0c40-454c-8592-b11c00bd5f7d",
            "Type": "Html",
            "Name": "PMSWidget.html",
            "Children": [],
            "ContentId": "f65bf2be-c5de-4d30-9941-b11c00eb80d7"
          },
          {
            "Id": "9fdc36ba-c0fd-4525-8c21-b11c00bd5f86",
            "Type": "Js",
            "Name": "PMSWidget.js",
            "Children": [],
            "ContentId": "c024feaa-0992-4e2b-ae33-b11c00eb80d7"
          },
          {
            "Id": "e0496273-ba52-4fe0-a167-b11c00bd5f8f",
            "Type": "WidgetManifest",
            "Name": "PMSWidget.widget.json",
            "Children": [],
            "ContentId": "c993d7c4-2020-49bb-9494-b11c00eb80d7"
          },
          {
            "Id": "5ef374a2-8468-4e75-9722-b11c00bd5f99",
            "Type": "Js",
            "Name": "PMSWidgetAgent.js",
            "Children": [],
            "ContentId": "1e9d24f5-a911-4610-a363-b11c00eb80d7"
          }
        ],
        "ContentId": null
      },
      {
        "Id": "c33c0e9f-10e1-49f5-9925-b11c00cb28c4",
        "Type": "Folder",
        "Name": "PMSAuditBlade",
        "Children": [
          {
            "Id": "bd2e036f-4478-41b8-987b-b11c00cb28e9",
            "Type": "Css",
            "Name": "PMSAuditBlade.css",
            "Children": [],
            "ContentId": "052df52a-d859-4f51-b05f-b11c00eb80d7"
          },
          {
            "Id": "fbd1742f-4b6c-4aac-a347-b11c00cb28f4",
            "Type": "Html",
            "Name": "PMSAuditBlade.html",
            "Children": [],
            "ContentId": "f4778ebb-565c-42eb-a51d-b11c00eb80d7"
          },
          {
            "Id": "bb96083d-be86-4052-b65f-b11c00cb28fd",
            "Type": "Js",
            "Name": "PMSAuditBlade.js",
            "Children": [],
            "ContentId": "a9ff8525-fa03-45a1-8c86-b11c00eb80d7"
          },
          {
            "Id": "2895e2db-7915-4d51-97be-b11c00cb2906",
            "Type": "BladeManifest",
            "Name": "PMSAuditBlade.panel.json",
            "Children": [],
            "ContentId": "83e1755d-b635-48c4-9212-b11c00eb80d7"
          }
        ],
        "ContentId": null
      },
      {
        "Id": "7b6dcbde-51d2-49f1-99a1-b11c00d6fba4",
        "Type": "Folder",
        "Name": "PMSOnboardingAction",
        "Children": [
          {
            "Id": "172d6ddd-40fa-41b8-bb92-b11c00d6fbcb",
            "Type": "Js",
            "Name": "PMSOnboardingAction-factory.js",
            "Children": [],
            "ContentId": "66a5eda9-b84d-433b-9086-b11c00eb80d7"
          },
          {
            "Id": "154a61ad-54ce-4620-8690-b11c00d6fbd3",
            "Type": "Js",
            "Name": "PMSOnboardingAction-template.js",
            "Children": [],
            "ContentId": "e82df16f-e178-474c-ab43-b11c00eb80d7"
          },
          {
            "Id": "eb63458a-5f37-41be-b960-b11c00d6fbdb",
            "Type": "WfActionManifest",
            "Name": "PMSOnboardingAction.wf-action.json",
            "Children": [],
            "ContentId": "686b667d-2206-4125-8fc0-b11c00eb80d7"
          },
          {
            "Id": "232cc55f-a8fa-4502-a158-b11c00d6fbe5",
            "Type": "Folder",
            "Name": "Designer",
            "Children": [
              {
                "Id": "5e069620-3990-4c29-ab88-b11c00d6fbe8",
                "Type": "Css",
                "Name": "PMSOnboardingActionDesigner.css",
                "Children": [],
                "ContentId": "04440887-25ee-409b-9b84-b11c00eb80d7"
              },
              {
                "Id": "4f8d7bfa-d3bc-4e97-8900-b11c00d6fbf0",
                "Type": "Html",
                "Name": "PMSOnboardingActionDesigner.html",
                "Children": [],
                "ContentId": "80bc6540-4dda-484f-9e3e-b11c00eb80d7"
              },
              {
                "Id": "992a8920-e955-48be-bc64-b11c00d6fbf9",
                "Type": "Js",
                "Name": "PMSOnboardingActionDesigner.js",
                "Children": [],
                "ContentId": "3da377c5-aacc-46c1-8714-b11c00eb80d7"
              },
              {
                "Id": "dad7ae57-59e9-49f6-b321-b11c00d6fc02",
                "Type": "WidgetManifest",
                "Name": "PMSOnboardingActionDesigner.widget.json",
                "Children": [],
                "ContentId": "5d8b8a57-2cdf-495d-b517-b11c00eb80d7"
              }
            ],
            "ContentId": null
          }
        ],
        "ContentId": null
      },
      {
        "Id": "bd89dcdc-1877-44ca-bab7-b11c00dc9d56",
        "Type": "Folder",
        "Name": "PMSBalanceAction",
        "Children": [
          {
            "Id": "6739d5b7-6fda-44aa-aecb-b11c00dc9d7d",
            "Type": "Js",
            "Name": "PMSBalanceAction-factory.js",
            "Children": [],
            "ContentId": "1ce76cfb-c2d1-4717-bef9-b11c00eb80d7"
          },
          {
            "Id": "8a79f183-499b-4cc2-aab0-b11c00dc9d85",
            "Type": "Js",
            "Name": "PMSBalanceAction-template.js",
            "Children": [],
            "ContentId": "c9d264f5-7fce-41c5-8b47-b11c00eb80d7"
          },
          {
            "Id": "f60888d5-79a2-4343-b0bc-b11c00dc9d8d",
            "Type": "WfActionManifest",
            "Name": "PMSBalanceAction.wf-action.json",
            "Children": [],
            "ContentId": "a22bee2e-4bfe-4afe-a2ed-b11c00eb80d7"
          },
          {
            "Id": "2d2b50b1-e8d0-4209-ab1e-b11c00dc9d96",
            "Type": "Folder",
            "Name": "Designer",
            "Children": [
              {
                "Id": "195333dc-ef03-4890-86eb-b11c00dc9d9a",
                "Type": "Css",
                "Name": "PMSBalanceActionDesigner.css",
                "Children": [],
                "ContentId": "a473fb56-008f-4b65-aa8f-b11c00eb80d7"
              },
              {
                "Id": "e64b08b3-517a-4139-81a4-b11c00dc9da2",
                "Type": "Html",
                "Name": "PMSBalanceActionDesigner.html",
                "Children": [],
                "ContentId": "64c87325-83ce-4ce9-8575-b11c00eb80d7"
              },
              {
                "Id": "8535de73-7697-4b58-9523-b11c00dc9daa",
                "Type": "Js",
                "Name": "PMSBalanceActionDesigner.js",
                "Children": [],
                "ContentId": "9d2f8840-96fa-495a-8f5b-b11c00eb80d7"
              },
              {
                "Id": "488fd475-8249-4be1-ad4b-b11c00dc9db3",
                "Type": "WidgetManifest",
                "Name": "PMSBalanceActionDesigner.widget.json",
                "Children": [],
                "ContentId": "9d640463-b707-4218-9df8-b11c00eb80d7"
              }
            ],
            "ContentId": null
          }
        ],
        "ContentId": null
      }
    ],
    "ContentId": null
  }
}