{
  "PlanTitle": "Demo 01 - Add transaction",
  "PlanDescription": null,
  "StepName": "Main entry point",
  "Description": "When a sharedo of type 'Task' reaches the phase of 'Done'",
  "Errored": false,
  "Id": "ab65bc57-196a-4ec3-be36-a368054316e3",
  "TriggerType": "event",
  "TriggerSubType": "sharedo-phase-changed",
  "SharedoId": null,
  "SharedoTypeSystemName": "task",
  "SharedoTypeSystemNamePath": null,
  "SharedoProcessTag": "",
  "TriggerMeta": "{\"PhasesSystemNames\":[\"task-done\"]}",
  "SingleExecution": false,
  "PlanType": "visualWorkflow",
  "PlanSystemName": "Demo-01---Add-transaction",
  "StepSystemName": "main",
  "PlanMeta": "{\"dataFields\":{\"workItemId\":\"ev.Data.sharedoId\"}}",
  "PlanExecutionId": null,
  "ExecutionStepId": null,
  "Active": true,
  "Context": null,
  "System": false
}