{
  "Form": {
    "Id": "58da7c0e-06c2-426b-974a-e3e7bfef339a",
    "SystemName": "demo01risk",
    "Title": "Demo 01 - Risk",
    "Description": "Risk form for demo, iteration 1.",
    "Layout": "/plugins/Sharedo.UI.Framework/content/formbuilder/layout-two-column.html",
    "LayoutParent": "bootstrap-edit-horizontal",
    "ShowTitle": false,
    "Readonly": false,
    "SmartVariableSystemName": null
  },
  "Sections": [],
  "Fields": [
    {
      "Id": "29fdcce7-e90e-4781-bf40-4b7364a454ab",
      "ParentFormId": "58da7c0e-06c2-426b-974a-e3e7bfef339a",
      "ParentSectionId": null,
      "Name": "demo01probability",
      "Title": "Probability (0-10)",
      "Description": null,
      "Type": "Integer",
      "Attributes": "{\"MinValue\":0,\"MaxValue\":10}",
      "LayoutLocation": ".layout-top",
      "DisplayOrder": 0,
      "Readonly": false,
      "Required": false
    },
    {
      "Id": "3cf421aa-1d67-494a-aff5-7f3ca7baa683",
      "ParentFormId": "58da7c0e-06c2-426b-974a-e3e7bfef339a",
      "ParentSectionId": null,
      "Name": "demo01impact",
      "Title": "Impact (0-10)",
      "Description": null,
      "Type": "Integer",
      "Attributes": "{\"MinValue\":0,\"MaxValue\":10}",
      "LayoutLocation": ".layout-top",
      "DisplayOrder": 0,
      "Readonly": false,
      "Required": false
    }
  ]
}