{
  "Form": {
    "Id": "36ef0949-39c2-490f-98a3-4280d56f9e85",
    "SystemName": "demo01pms",
    "Title": "Demo 01 - PMS Reference",
    "Description": null,
    "Layout": "/plugins/Sharedo.UI.Framework/content/formbuilder/layout-two-column.html",
    "LayoutParent": "bootstrap-edit-horizontal",
    "ShowTitle": false,
    "Readonly": false,
    "SmartVariableSystemName": null
  },
  "Sections": [],
  "Fields": [
    {
      "Id": "b02abaff-0d70-48a3-b21f-299ef1384aa0",
      "ParentFormId": "36ef0949-39c2-490f-98a3-4280d56f9e85",
      "ParentSectionId": null,
      "Name": "demo01PmsReference",
      "Title": "PMS Reference",
      "Description": null,
      "Type": "Text",
      "Attributes": "{\"Placeholder\":\"No PMS Reference set\"}",
      "LayoutLocation": ".layout-top",
      "DisplayOrder": 0,
      "Readonly": true,
      "Required": false
    }
  ]
}