{
  "OptionSet": {
    "OptionSetName": "matter-private-client-general-work-types",
    "Name": "Matter Private Client General Work Types",
    "Description": null,
    "AllowHierarchy": false,
    "IsSystem": false,
    "IsActive": true,
    "EnableDisplayRules": false,
    "RequiresGlobalFeature": null
  },
  "Values": [
    {
      "Id": 310000,
      "OptionSetName": "matter-private-client-general-work-types",
      "ParentValueId": null,
      "Name": "LPA",
      "ShortName": null,
      "IconClass": null,
      "IsActive": true,
      "MeaningCode": null,
      "MigrationId": null,
      "DisplayColour": null,
      "DisplayOrder": 0
    },
    {
      "Id": 310001,
      "OptionSetName": "matter-private-client-general-work-types",
      "ParentValueId": null,
      "Name": "Probate",
      "ShortName": null,
      "IconClass": null,
      "IsActive": true,
      "MeaningCode": null,
      "MigrationId": null,
      "DisplayColour": null,
      "DisplayOrder": 0
    },
    {
      "Id": 310002,
      "OptionSetName": "matter-private-client-general-work-types",
      "ParentValueId": null,
      "Name": "Will",
      "ShortName": null,
      "IconClass": null,
      "IsActive": true,
      "MeaningCode": null,
      "MigrationId": null,
      "DisplayColour": null,
      "DisplayOrder": 0
    },
    {
      "Id": 310003,
      "OptionSetName": "matter-private-client-general-work-types",
      "ParentValueId": null,
      "Name": "Deputyship",
      "ShortName": null,
      "IconClass": null,
      "IsActive": true,
      "MeaningCode": null,
      "MigrationId": null,
      "DisplayColour": null,
      "DisplayOrder": 0
    },
    {
      "Id": 310004,
      "OptionSetName": "matter-private-client-general-work-types",
      "ParentValueId": null,
      "Name": "Trusts",
      "ShortName": null,
      "IconClass": null,
      "IsActive": true,
      "MeaningCode": null,
      "MigrationId": null,
      "DisplayColour": null,
      "DisplayOrder": 0
    },
    {
      "Id": 310005,
      "OptionSetName": "matter-private-client-general-work-types",
      "ParentValueId": null,
      "Name": "Tax",
      "ShortName": null,
      "IconClass": null,
      "IsActive": true,
      "MeaningCode": null,
      "MigrationId": null,
      "DisplayColour": null,
      "DisplayOrder": 0
    },
    {
      "Id": 310006,
      "OptionSetName": "matter-private-client-general-work-types",
      "ParentValueId": null,
      "Name": "General",
      "ShortName": null,
      "IconClass": null,
      "IsActive": true,
      "MeaningCode": null,
      "MigrationId": null,
      "DisplayColour": null,
      "DisplayOrder": 0
    }
  ],
  "StripingRules": []
}