{
  "OptionSet": {
    "OptionSetName": "participant-location-types",
    "Name": "Participant Location Types",
    "Description": "Allowed location types for a participant",
    "AllowHierarchy": false,
    "IsSystem": false,
    "IsActive": true,
    "EnableDisplayRules": false,
    "RequiresGlobalFeature": "LocationTypes"
  },
  "Values": [
    {
      "Id": 5002500,
      "OptionSetName": "participant-location-types",
      "ParentValueId": null,
      "Name": "Correspondence",
      "ShortName": null,
      "IconClass": null,
      "IsActive": true,
      "MeaningCode": null,
      "MigrationId": null,
      "DisplayColour": null,
      "DisplayOrder": 0
    },
    {
      "Id": 5002501,
      "OptionSetName": "participant-location-types",
      "ParentValueId": null,
      "Name": "Billing",
      "ShortName": null,
      "IconClass": null,
      "IsActive": true,
      "MeaningCode": null,
      "MigrationId": null,
      "DisplayColour": null,
      "DisplayOrder": 0
    },
    {
      "Id": 83000303,
      "OptionSetName": "participant-location-types",
      "ParentValueId": null,
      "Name": "DX",
      "ShortName": null,
      "IconClass": null,
      "IsActive": true,
      "MeaningCode": null,
      "MigrationId": null,
      "DisplayColour": null,
      "DisplayOrder": 0
    }
  ],
  "StripingRules": []
}