{
  "Role": {
    "SystemName": "attorney-second",
    "ParticipantRoleCategorySystemName": "lpa",
    "Name": "Attorney - Second",
    "Description": "An individual or corporate body appointed under the power of attorney to be an attorney.",
    "IsTeamRole": false,
    "IsSharedoRole": true,
    "IconClass": "fa-user-tie",
    "IsActive": true,
    "IsSystemRole": false,
    "IsPrimaryOwner": false,
    "IsSecondaryOwner": false,
    "BillingRate": null,
    "CostRate": null
  },
  "Category": {
    "SystemName": "lpa",
    "Name": "Attorneys",
    "IsSystem": false
  },
  "AllowedRoles": [
    {
      "ParticipantTypeSystemName": "organisation",
      "ParticipantRoleSystemName": "attorney-second"
    },
    {
      "ParticipantTypeSystemName": "person",
      "ParticipantRoleSystemName": "attorney-second"
    }
  ],
  "Aspects": [],
  "AspectStripingRules": [],
  "LocationTypes": []
}