{
  "Role": {
    "SystemName": "attorney",
    "ParticipantRoleCategorySystemName": "other-real-estate",
    "Name": "Attorney",
    "Description": "Person with power of attorney for another party",
    "IsTeamRole": false,
    "IsSharedoRole": true,
    "IconClass": "fa-users",
    "IsActive": true,
    "IsSystemRole": false,
    "IsPrimaryOwner": false,
    "IsSecondaryOwner": false,
    "BillingRate": null,
    "CostRate": null
  },
  "Category": {
    "SystemName": "other-real-estate",
    "Name": "Other (Real Estate)",
    "IsSystem": false
  },
  "AllowedRoles": [
    {
      "ParticipantTypeSystemName": "organisation",
      "ParticipantRoleSystemName": "attorney"
    },
    {
      "ParticipantTypeSystemName": "person",
      "ParticipantRoleSystemName": "attorney"
    }
  ],
  "Aspects": [],
  "AspectStripingRules": [],
  "LocationTypes": [
    {
      "ParticipantRoleSystemName": "attorney",
      "LocationTypeId": 5002500,
      "IsMandatory": false
    }
  ]
}