{
  "Role": {
    "SystemName": "contributor",
    "ParticipantRoleCategorySystemName": "system-participants",
    "Name": "Contributor",
    "Description": "Ability to contribute to this sharedo but not materially affect it",
    "IsTeamRole": false,
    "IsSharedoRole": true,
    "IconClass": "fa-user",
    "IsActive": true,
    "IsSystemRole": false,
    "IsPrimaryOwner": false,
    "IsSecondaryOwner": true,
    "BillingRate": null,
    "CostRate": null
  },
  "Category": {
    "SystemName": "system-participants",
    "Name": "System Participants",
    "IsSystem": true
  },
  "AllowedRoles": [
    {
      "ParticipantTypeSystemName": "team",
      "ParticipantRoleSystemName": "contributor"
    },
    {
      "ParticipantTypeSystemName": "user",
      "ParticipantRoleSystemName": "contributor"
    }
  ],
  "Aspects": [],
  "AspectStripingRules": [],
  "LocationTypes": [
    {
      "ParticipantRoleSystemName": "contributor",
      "LocationTypeId": 5002500,
      "IsMandatory": false
    }
  ]
}