{
  "Role": {
    "SystemName": "client-read-only",
    "ParticipantRoleCategorySystemName": "system-participants",
    "Name": "Client Access",
    "Description": "Client Readers",
    "IsTeamRole": false,
    "IsSharedoRole": true,
    "IconClass": "fa-users",
    "IsActive": true,
    "IsSystemRole": false,
    "IsPrimaryOwner": true,
    "IsSecondaryOwner": false,
    "BillingRate": null,
    "CostRate": null
  },
  "Category": {
    "SystemName": "system-participants",
    "Name": "System Participants",
    "IsSystem": true
  },
  "AllowedRoles": [
    {
      "ParticipantTypeSystemName": "team",
      "ParticipantRoleSystemName": "client-read-only"
    },
    {
      "ParticipantTypeSystemName": "user",
      "ParticipantRoleSystemName": "client-read-only"
    }
  ],
  "Aspects": [],
  "AspectStripingRules": [],
  "LocationTypes": []
}