{
  "Role": {
    "SystemName": "client",
    "ParticipantRoleCategorySystemName": "matter-team",
    "Name": "Client",
    "Description": "Client",
    "IsTeamRole": false,
    "IsSharedoRole": true,
    "IconClass": "fa-user",
    "IsActive": true,
    "IsSystemRole": false,
    "IsPrimaryOwner": false,
    "IsSecondaryOwner": true,
    "BillingRate": null,
    "CostRate": null
  },
  "Category": {
    "SystemName": "matter-team",
    "Name": "Matter Team",
    "IsSystem": false
  },
  "AllowedRoles": [
    {
      "ParticipantTypeSystemName": "organisation",
      "ParticipantRoleSystemName": "client"
    },
    {
      "ParticipantTypeSystemName": "person",
      "ParticipantRoleSystemName": "client"
    }
  ],
  "Aspects": [],
  "AspectStripingRules": [],
  "LocationTypes": [
    {
      "ParticipantRoleSystemName": "client",
      "LocationTypeId": 5002500,
      "IsMandatory": false
    }
  ]
}