{
  "Role": {
    "SystemName": "reader",
    "ParticipantRoleCategorySystemName": "system-participants",
    "Name": "Reader",
    "Description": "A person who has read permissions on this Sharedo",
    "IsTeamRole": false,
    "IsSharedoRole": true,
    "IconClass": "fa-user",
    "IsActive": true,
    "IsSystemRole": false,
    "IsPrimaryOwner": false,
    "IsSecondaryOwner": false,
    "BillingRate": null,
    "CostRate": null
  },
  "Category": {
    "SystemName": "system-participants",
    "Name": "System Participants",
    "IsSystem": true
  },
  "AllowedRoles": [
    {
      "ParticipantTypeSystemName": "team",
      "ParticipantRoleSystemName": "reader"
    },
    {
      "ParticipantTypeSystemName": "user",
      "ParticipantRoleSystemName": "reader"
    }
  ],
  "Aspects": [],
  "AspectStripingRules": [],
  "LocationTypes": [
    {
      "ParticipantRoleSystemName": "reader",
      "LocationTypeId": 5002500,
      "IsMandatory": false
    }
  ]
}