{
  "Role": {
    "SystemName": "matter-assistant",
    "ParticipantRoleCategorySystemName": "matter-team",
    "Name": "Matter Assistant",
    "Description": "Participants in this role are typically used to grant permissions to child matters etc",
    "IsTeamRole": false,
    "IsSharedoRole": true,
    "IconClass": "fa-users",
    "IsActive": true,
    "IsSystemRole": false,
    "IsPrimaryOwner": false,
    "IsSecondaryOwner": true,
    "BillingRate": null,
    "CostRate": null
  },
  "Category": {
    "SystemName": "matter-team",
    "Name": "Matter Team",
    "IsSystem": false
  },
  "AllowedRoles": [
    {
      "ParticipantTypeSystemName": "person",
      "ParticipantRoleSystemName": "matter-assistant"
    },
    {
      "ParticipantTypeSystemName": "team",
      "ParticipantRoleSystemName": "matter-assistant"
    },
    {
      "ParticipantTypeSystemName": "user",
      "ParticipantRoleSystemName": "matter-assistant"
    }
  ],
  "Aspects": [],
  "AspectStripingRules": [],
  "LocationTypes": []
}