{
  "Role": {
    "SystemName": "delegated-by",
    "ParticipantRoleCategorySystemName": "general",
    "Name": "Delegator",
    "Description": "The person who delegated this Sharedo",
    "IsTeamRole": false,
    "IsSharedoRole": true,
    "IconClass": "fa-user",
    "IsActive": true,
    "IsSystemRole": false,
    "IsPrimaryOwner": false,
    "IsSecondaryOwner": false,
    "BillingRate": null,
    "CostRate": null
  },
  "Category": {
    "SystemName": "general",
    "Name": "General roles",
    "IsSystem": false
  },
  "AllowedRoles": [
    {
      "ParticipantTypeSystemName": "person",
      "ParticipantRoleSystemName": "delegated-by"
    }
  ],
  "Aspects": [],
  "AspectStripingRules": [],
  "LocationTypes": [
    {
      "ParticipantRoleSystemName": "delegated-by",
      "LocationTypeId": 5002500,
      "IsMandatory": false
    }
  ]
}