{
  "Role": {
    "SystemName": "creator",
    "ParticipantRoleCategorySystemName": "system-participants",
    "Name": "Creator",
    "Description": "Creator",
    "IsTeamRole": false,
    "IsSharedoRole": true,
    "IconClass": "fa-user",
    "IsActive": true,
    "IsSystemRole": false,
    "IsPrimaryOwner": false,
    "IsSecondaryOwner": false,
    "BillingRate": null,
    "CostRate": null
  },
  "Category": {
    "SystemName": "system-participants",
    "Name": "System Participants",
    "IsSystem": true
  },
  "AllowedRoles": [
    {
      "ParticipantTypeSystemName": "user",
      "ParticipantRoleSystemName": "creator"
    }
  ],
  "Aspects": [],
  "AspectStripingRules": [],
  "LocationTypes": []
}