{
  "Role": {
    "SystemName": "client-instructor",
    "ParticipantRoleCategorySystemName": "client",
    "Name": "Client Instructor",
    "Description": "Individual who provided the instruction. This is typically the same as the client case handler although can differ.",
    "IsTeamRole": false,
    "IsSharedoRole": true,
    "IconClass": "fa-users",
    "IsActive": true,
    "IsSystemRole": false,
    "IsPrimaryOwner": true,
    "IsSecondaryOwner": false,
    "BillingRate": null,
    "CostRate": null
  },
  "Category": {
    "SystemName": "client",
    "Name": "Client ",
    "IsSystem": false
  },
  "AllowedRoles": [
    {
      "ParticipantTypeSystemName": "person",
      "ParticipantRoleSystemName": "client-instructor"
    }
  ],
  "Aspects": [],
  "AspectStripingRules": [],
  "LocationTypes": []
}