{
  "Role": {
    "SystemName": "client-case-handler",
    "ParticipantRoleCategorySystemName": "client",
    "Name": "Client Case Handler",
    "Description": "Individual within the client team who is responsible for handling this case.",
    "IsTeamRole": false,
    "IsSharedoRole": true,
    "IconClass": "fa-users",
    "IsActive": true,
    "IsSystemRole": false,
    "IsPrimaryOwner": true,
    "IsSecondaryOwner": false,
    "BillingRate": null,
    "CostRate": null
  },
  "Category": {
    "SystemName": "client",
    "Name": "Client ",
    "IsSystem": false
  },
  "AllowedRoles": [
    {
      "ParticipantTypeSystemName": "person",
      "ParticipantRoleSystemName": "client-case-handler"
    },
    {
      "ParticipantTypeSystemName": "team",
      "ParticipantRoleSystemName": "client-case-handler"
    },
    {
      "ParticipantTypeSystemName": "user",
      "ParticipantRoleSystemName": "client-case-handler"
    }
  ],
  "Aspects": [],
  "AspectStripingRules": [],
  "LocationTypes": []
}