{
  "Role": {
    "SystemName": "matter-owner",
    "ParticipantRoleCategorySystemName": "matter-team",
    "Name": "Matter Owner",
    "Description": "Individual who is responsible for the performance of this matter.",
    "IsTeamRole": false,
    "IsSharedoRole": true,
    "IconClass": "fa-users",
    "IsActive": true,
    "IsSystemRole": false,
    "IsPrimaryOwner": true,
    "IsSecondaryOwner": false,
    "BillingRate": null,
    "CostRate": null
  },
  "Category": {
    "SystemName": "matter-team",
    "Name": "Matter Team",
    "IsSystem": false
  },
  "AllowedRoles": [
    {
      "ParticipantTypeSystemName": "person",
      "ParticipantRoleSystemName": "matter-owner"
    },
    {
      "ParticipantTypeSystemName": "team",
      "ParticipantRoleSystemName": "matter-owner"
    },
    {
      "ParticipantTypeSystemName": "user",
      "ParticipantRoleSystemName": "matter-owner"
    }
  ],
  "Aspects": [],
  "AspectStripingRules": [],
  "LocationTypes": []
}