{
  "Role": {
    "SystemName": "owner",
    "ParticipantRoleCategorySystemName": "system-participants",
    "Name": "Owner",
    "Description": "Ability to perform most actions on this sharedo",
    "IsTeamRole": false,
    "IsSharedoRole": true,
    "IconClass": "fa-user",
    "IsActive": true,
    "IsSystemRole": false,
    "IsPrimaryOwner": true,
    "IsSecondaryOwner": false,
    "BillingRate": null,
    "CostRate": null
  },
  "Category": {
    "SystemName": "system-participants",
    "Name": "System Participants",
    "IsSystem": true
  },
  "AllowedRoles": [
    {
      "ParticipantTypeSystemName": "team",
      "ParticipantRoleSystemName": "owner"
    },
    {
      "ParticipantTypeSystemName": "user",
      "ParticipantRoleSystemName": "owner"
    }
  ],
  "Aspects": [],
  "AspectStripingRules": [],
  "LocationTypes": [
    {
      "ParticipantRoleSystemName": "owner",
      "LocationTypeId": 5002500,
      "IsMandatory": false
    }
  ]
}