{
  "Role": {
    "SystemName": "attorney-replacement",
    "ParticipantRoleCategorySystemName": "lpa",
    "Name": "Attorney - Replacement",
    "Description": "An individual or corporate body appointed under the power of attorney to be a replacement attorney in the event that one or more of the attorneys is unable to act (e.g. through their own death or incapacity).",
    "IsTeamRole": false,
    "IsSharedoRole": true,
    "IconClass": "fa-user-tie",
    "IsActive": true,
    "IsSystemRole": false,
    "IsPrimaryOwner": false,
    "IsSecondaryOwner": false,
    "BillingRate": null,
    "CostRate": null
  },
  "Category": {
    "SystemName": "lpa",
    "Name": "Attorneys",
    "IsSystem": false
  },
  "AllowedRoles": [
    {
      "ParticipantTypeSystemName": "organisation",
      "ParticipantRoleSystemName": "attorney-replacement"
    },
    {
      "ParticipantTypeSystemName": "person",
      "ParticipantRoleSystemName": "attorney-replacement"
    }
  ],
  "Aspects": [],
  "AspectStripingRules": [],
  "LocationTypes": []
}