{
  "Role": {
    "SystemName": "opg",
    "ParticipantRoleCategorySystemName": "lpa",
    "Name": "Office Public Guardian",
    "Description": "The Office of the Public Guardian, an executive agency of the Ministry of Justice, responsible for the registration of LPAs.",
    "IsTeamRole": false,
    "IsSharedoRole": true,
    "IconClass": "fa-archway",
    "IsActive": true,
    "IsSystemRole": false,
    "IsPrimaryOwner": false,
    "IsSecondaryOwner": false,
    "BillingRate": null,
    "CostRate": null
  },
  "Category": {
    "SystemName": "lpa",
    "Name": "Attorneys",
    "IsSystem": false
  },
  "AllowedRoles": [
    {
      "ParticipantTypeSystemName": "organisation",
      "ParticipantRoleSystemName": "opg"
    }
  ],
  "Aspects": [],
  "AspectStripingRules": [],
  "LocationTypes": []
}