{
  "Role": {
    "SystemName": "matter-partner",
    "ParticipantRoleCategorySystemName": "matter-team",
    "Name": "Matter Partner",
    "Description": "Individual who is responsible for supervision of this Matter.",
    "IsTeamRole": false,
    "IsSharedoRole": true,
    "IconClass": "fa-user",
    "IsActive": true,
    "IsSystemRole": false,
    "IsPrimaryOwner": true,
    "IsSecondaryOwner": false,
    "BillingRate": null,
    "CostRate": null
  },
  "Category": {
    "SystemName": "matter-team",
    "Name": "Matter Team",
    "IsSystem": false
  },
  "AllowedRoles": [
    {
      "ParticipantTypeSystemName": "person",
      "ParticipantRoleSystemName": "matter-partner"
    },
    {
      "ParticipantTypeSystemName": "team",
      "ParticipantRoleSystemName": "matter-partner"
    },
    {
      "ParticipantTypeSystemName": "user",
      "ParticipantRoleSystemName": "matter-partner"
    }
  ],
  "Aspects": [],
  "AspectStripingRules": [],
  "LocationTypes": []
}