{
  "Role": {
    "SystemName": "primary-owner",
    "ParticipantRoleCategorySystemName": "system-participants",
    "Name": "Primary Owner",
    "Description": "Primary Owner",
    "IsTeamRole": false,
    "IsSharedoRole": true,
    "IconClass": "fa-user",
    "IsActive": true,
    "IsSystemRole": false,
    "IsPrimaryOwner": true,
    "IsSecondaryOwner": false,
    "BillingRate": null,
    "CostRate": null
  },
  "Category": {
    "SystemName": "system-participants",
    "Name": "System Participants",
    "IsSystem": true
  },
  "AllowedRoles": [
    {
      "ParticipantTypeSystemName": "team",
      "ParticipantRoleSystemName": "primary-owner"
    },
    {
      "ParticipantTypeSystemName": "user",
      "ParticipantRoleSystemName": "primary-owner"
    }
  ],
  "Aspects": [],
  "AspectStripingRules": [],
  "LocationTypes": [
    {
      "ParticipantRoleSystemName": "primary-owner",
      "LocationTypeId": 5002500,
      "IsMandatory": false
    }
  ]
}