{
  "Permission": {
    "SystemName": "core.sharedo.participant.assign",
    "Name": "Sharedo - Participant - Manage",
    "Description": "Manage participants - assign, reassign and edit",
    "SystemPermission": false,
    "ResourcePermission": true,
    "PermissionTypeSystemName": "sharedo",
    "IsCustom": false
  },
  "PermissionType": {
    "SystemName": "sharedo",
    "Name": "Sharedo",
    "Description": "Permissions for servicing sharedos",
    "IconClass": "fa-list-alt"
  }
}