{
  "Portals": [
    {
      "Id": "fa9640de-ff4a-47d1-a357-b11b00fedff5",
      "PortalContext": null,
      "SharedoTypeSystemName": "matter-private-client-general",
      "ForPersonaList": null,
      "ContainerType": "LeftNav",
      "Title": "MPC General portal",
      "RequirePermissionType": "None",
      "RequirePermission": null
    }
  ],
  "PortalWidgets": [
    {
      "Id": "ff2dec60-86b1-4d52-8185-b11b00fedff5",
      "PortalId": "fa9640de-ff4a-47d1-a357-b11b00fedff5",
      "DisplayOrder": 1,
      "Zone": "above-radar",
      "Widget": "Sharedo.Core.Case.Menus.Widgets.WorkItemRibbon",
      "WithChrome": false,
      "Title": "Work item portal ribbon",
      "Icon": null,
      "ConfigurationJson": "{}",
      "RequirePermissionType": null,
      "RequirePermission": null,
      "RequireFeatureType": null,
      "RequireFeature": null,
      "RequirePhaseList": null,
      "RequirePersonaList": null,
      "MustBeTypesList": null,
      "MustNotBeTypesList": null,
      "MustBeSubTypesList": null,
      "MustNotBeSubTypesList": null
    },
    {
      "Id": "4ced3fe8-7c64-4c3d-8667-b11b00fedff5",
      "PortalId": "fa9640de-ff4a-47d1-a357-b11b00fedff5",
      "DisplayOrder": 5,
      "Zone": "top-menu",
      "Widget": "Sharedo.Core.Case.SearchScopes.QuickSearchNavBar",
      "WithChrome": false,
      "Title": "Search",
      "Icon": null,
      "ConfigurationJson": "{\r\n  \"scope\": null,\r\n  \"mode\": \"nav\",\r\n  \"contextId\": null,\r\n  \"selectedId\": null\r\n}",
      "RequirePermissionType": null,
      "RequirePermission": null,
      "RequireFeatureType": null,
      "RequireFeature": null,
      "RequirePhaseList": null,
      "RequirePersonaList": null,
      "MustBeTypesList": null,
      "MustNotBeTypesList": null,
      "MustBeSubTypesList": null,
      "MustNotBeSubTypesList": null
    },
    {
      "Id": "af331bec-707c-47f5-8b6b-b11b00fedff5",
      "PortalId": "fa9640de-ff4a-47d1-a357-b11b00fedff5",
      "DisplayOrder": 1,
      "Zone": "above-nav",
      "Widget": "Sharedo.Core.Case.Menus.Widgets.LeftNavCaseProfile",
      "WithChrome": false,
      "Title": "Left nav - work item profile",
      "Icon": null,
      "ConfigurationJson": "{}",
      "RequirePermissionType": null,
      "RequirePermission": null,
      "RequireFeatureType": null,
      "RequireFeature": null,
      "RequirePhaseList": null,
      "RequirePersonaList": null,
      "MustBeTypesList": null,
      "MustNotBeTypesList": null,
      "MustBeSubTypesList": null,
      "MustNotBeSubTypesList": null
    },
    {
      "Id": "66ce84c0-8ff0-443d-8c9c-b11b00fedff5",
      "PortalId": "fa9640de-ff4a-47d1-a357-b11b00fedff5",
      "DisplayOrder": 3,
      "Zone": "top-menu",
      "Widget": "Sharedo.Core.Case.Menus.Widgets.TopNav",
      "WithChrome": false,
      "Title": "Launch Pad",
      "Icon": null,
      "ConfigurationJson": "{}",
      "RequirePermissionType": null,
      "RequirePermission": null,
      "RequireFeatureType": null,
      "RequireFeature": null,
      "RequirePhaseList": null,
      "RequirePersonaList": null,
      "MustBeTypesList": null,
      "MustNotBeTypesList": null,
      "MustBeSubTypesList": null,
      "MustNotBeSubTypesList": null
    },
    {
      "Id": "02fc2787-7c55-4edb-907d-b11b00fedff5",
      "PortalId": "fa9640de-ff4a-47d1-a357-b11b00fedff5",
      "DisplayOrder": 4,
      "Zone": "top-menu",
      "Widget": "Sharedo.Core.Case.Widgets.StopwatchQuickView",
      "WithChrome": false,
      "Title": "Time entry",
      "Icon": null,
      "ConfigurationJson": "{}",
      "RequirePermissionType": null,
      "RequirePermission": null,
      "RequireFeatureType": null,
      "RequireFeature": null,
      "RequirePhaseList": null,
      "RequirePersonaList": null,
      "MustBeTypesList": null,
      "MustNotBeTypesList": null,
      "MustBeSubTypesList": null,
      "MustNotBeSubTypesList": null
    },
    {
      "Id": "73e6c653-83fe-4e48-a007-b11b00fedff5",
      "PortalId": "fa9640de-ff4a-47d1-a357-b11b00fedff5",
      "DisplayOrder": 1,
      "Zone": "top-menu",
      "Widget": "Sharedo.Core.Case.Widgets.UserProfile",
      "WithChrome": false,
      "Title": "Profile",
      "Icon": null,
      "ConfigurationJson": "{}",
      "RequirePermissionType": null,
      "RequirePermission": null,
      "RequireFeatureType": null,
      "RequireFeature": null,
      "RequirePhaseList": null,
      "RequirePersonaList": null,
      "MustBeTypesList": null,
      "MustNotBeTypesList": null,
      "MustBeSubTypesList": null,
      "MustNotBeSubTypesList": null
    },
    {
      "Id": "502e1ee2-6bdc-469b-ad12-b11b00fedff5",
      "PortalId": "fa9640de-ff4a-47d1-a357-b11b00fedff5",
      "DisplayOrder": 1,
      "Zone": "nav",
      "Widget": "Sharedo.Core.Case.Menus.Widgets.LeftNav",
      "WithChrome": false,
      "Title": "Standard left nav",
      "Icon": null,
      "ConfigurationJson": "{\r\n  \"context\": \"self\",\r\n  \"contextType\": null\r\n}",
      "RequirePermissionType": null,
      "RequirePermission": null,
      "RequireFeatureType": null,
      "RequireFeature": null,
      "RequirePhaseList": null,
      "RequirePersonaList": null,
      "MustBeTypesList": null,
      "MustNotBeTypesList": null,
      "MustBeSubTypesList": null,
      "MustNotBeSubTypesList": null
    },
    {
      "Id": "d61005ae-d7ba-45b3-bdec-b11b00fedff5",
      "PortalId": "fa9640de-ff4a-47d1-a357-b11b00fedff5",
      "DisplayOrder": 2,
      "Zone": "top-menu",
      "Widget": "Sharedo.Core.Case.Widgets.NotificationsQuickView",
      "WithChrome": false,
      "Title": "Notifications",
      "Icon": null,
      "ConfigurationJson": "{\r\n  \"pollIntervalSeconds\": 60,\r\n  \"showToastPopUps\": \"true\"\r\n}",
      "RequirePermissionType": null,
      "RequirePermission": null,
      "RequireFeatureType": null,
      "RequireFeature": null,
      "RequirePhaseList": null,
      "RequirePersonaList": null,
      "MustBeTypesList": null,
      "MustNotBeTypesList": null,
      "MustBeSubTypesList": null,
      "MustNotBeSubTypesList": null
    }
  ],
  "Pages": [
    {
      "Id": "e9de561f-5405-4c8b-8aa5-b11b00fedff5",
      "PortalId": "fa9640de-ff4a-47d1-a357-b11b00fedff5",
      "ParentId": null,
      "DisplayOrder": 4,
      "NavIcon": "fa-file-o",
      "NavCaption": "Wiki",
      "PageSystemName": "Wiki",
      "BadgeCountListViewSystemName": null,
      "BadgeCountClass": null,
      "ShowOnNav": true,
      "RequirePermissionType": null,
      "RequirePermission": null,
      "RequireFeatureType": "None",
      "RequireFeature": null,
      "RequirePhaseList": null,
      "RequirePersonaList": null,
      "MustBeTypesList": null,
      "MustNotBeTypesList": null,
      "MustBeSubTypesList": null,
      "MustNotBeSubTypesList": null,
      "CommandSystemName": null,
      "CommandConfigurationJson": null
    },
    {
      "Id": "1539fe61-ad6d-4d52-8c23-b11b00fedff5",
      "PortalId": "fa9640de-ff4a-47d1-a357-b11b00fedff5",
      "ParentId": "bddb3de9-8658-4bf1-b792-b11b00fedff5",
      "DisplayOrder": 4,
      "NavIcon": "fa-gbp",
      "NavCaption": "Payments",
      "PageSystemName": "payments",
      "BadgeCountListViewSystemName": null,
      "BadgeCountClass": null,
      "ShowOnNav": true,
      "RequirePermissionType": null,
      "RequirePermission": null,
      "RequireFeatureType": "None",
      "RequireFeature": null,
      "RequirePhaseList": null,
      "RequirePersonaList": null,
      "MustBeTypesList": null,
      "MustNotBeTypesList": null,
      "MustBeSubTypesList": null,
      "MustNotBeSubTypesList": null,
      "CommandSystemName": null,
      "CommandConfigurationJson": null
    },
    {
      "Id": "eaf67b1d-8645-4053-8d00-b11b00fedff5",
      "PortalId": "fa9640de-ff4a-47d1-a357-b11b00fedff5",
      "ParentId": null,
      "DisplayOrder": 5,
      "NavIcon": "fa-files-o",
      "NavCaption": "Documents",
      "PageSystemName": "documents-internal",
      "BadgeCountListViewSystemName": null,
      "BadgeCountClass": null,
      "ShowOnNav": true,
      "RequirePermissionType": null,
      "RequirePermission": null,
      "RequireFeatureType": "None",
      "RequireFeature": null,
      "RequirePhaseList": null,
      "RequirePersonaList": null,
      "MustBeTypesList": null,
      "MustNotBeTypesList": null,
      "MustBeSubTypesList": null,
      "MustNotBeSubTypesList": null,
      "CommandSystemName": null,
      "CommandConfigurationJson": null
    },
    {
      "Id": "8861f281-1f22-42da-8f0e-b11b00fedff5",
      "PortalId": "fa9640de-ff4a-47d1-a357-b11b00fedff5",
      "ParentId": null,
      "DisplayOrder": 7,
      "NavIcon": "fa-tasks",
      "NavCaption": "Worklist",
      "PageSystemName": null,
      "BadgeCountListViewSystemName": null,
      "BadgeCountClass": null,
      "ShowOnNav": true,
      "RequirePermissionType": null,
      "RequirePermission": null,
      "RequireFeatureType": "None",
      "RequireFeature": null,
      "RequirePhaseList": null,
      "RequirePersonaList": null,
      "MustBeTypesList": null,
      "MustNotBeTypesList": null,
      "MustBeSubTypesList": null,
      "MustNotBeSubTypesList": null,
      "CommandSystemName": null,
      "CommandConfigurationJson": null
    },
    {
      "Id": "811105c5-9b90-48b9-91df-b11b00fedff5",
      "PortalId": "fa9640de-ff4a-47d1-a357-b11b00fedff5",
      "ParentId": "bddb3de9-8658-4bf1-b792-b11b00fedff5",
      "DisplayOrder": 2,
      "NavIcon": "fa-money",
      "NavCaption": "Invoices",
      "PageSystemName": "invoices",
      "BadgeCountListViewSystemName": null,
      "BadgeCountClass": null,
      "ShowOnNav": true,
      "RequirePermissionType": null,
      "RequirePermission": null,
      "RequireFeatureType": "None",
      "RequireFeature": null,
      "RequirePhaseList": null,
      "RequirePersonaList": null,
      "MustBeTypesList": null,
      "MustNotBeTypesList": null,
      "MustBeSubTypesList": null,
      "MustNotBeSubTypesList": null,
      "CommandSystemName": null,
      "CommandConfigurationJson": null
    },
    {
      "Id": "033d2352-44ba-4742-9246-b11b00fedff5",
      "PortalId": "fa9640de-ff4a-47d1-a357-b11b00fedff5",
      "ParentId": "4a3f136a-7f61-4292-b868-b11b00fedff5",
      "DisplayOrder": 1,
      "NavIcon": "fa-inbox",
      "NavCaption": "Inbox",
      "PageSystemName": "emails-inbox",
      "BadgeCountListViewSystemName": null,
      "BadgeCountClass": null,
      "ShowOnNav": true,
      "RequirePermissionType": null,
      "RequirePermission": null,
      "RequireFeatureType": "None",
      "RequireFeature": null,
      "RequirePhaseList": null,
      "RequirePersonaList": null,
      "MustBeTypesList": null,
      "MustNotBeTypesList": null,
      "MustBeSubTypesList": null,
      "MustNotBeSubTypesList": null,
      "CommandSystemName": null,
      "CommandConfigurationJson": null
    },
    {
      "Id": "0e0f94a5-84cc-43d6-9d4b-b11b00fedff5",
      "PortalId": "fa9640de-ff4a-47d1-a357-b11b00fedff5",
      "ParentId": null,
      "DisplayOrder": 2,
      "NavIcon": "fa-sliders",
      "NavCaption": "Matter Plan",
      "PageSystemName": "matter-plan",
      "BadgeCountListViewSystemName": null,
      "BadgeCountClass": null,
      "ShowOnNav": true,
      "RequirePermissionType": null,
      "RequirePermission": null,
      "RequireFeatureType": "None",
      "RequireFeature": null,
      "RequirePhaseList": null,
      "RequirePersonaList": null,
      "MustBeTypesList": null,
      "MustNotBeTypesList": null,
      "MustBeSubTypesList": null,
      "MustNotBeSubTypesList": null,
      "CommandSystemName": null,
      "CommandConfigurationJson": null
    },
    {
      "Id": "14ce2d8b-f9dc-4208-a134-b11b00fedff5",
      "PortalId": "fa9640de-ff4a-47d1-a357-b11b00fedff5",
      "ParentId": "8861f281-1f22-42da-8f0e-b11b00fedff5",
      "DisplayOrder": 2,
      "NavIcon": "fa-list",
      "NavCaption": "Tasks - All",
      "PageSystemName": "actions",
      "BadgeCountListViewSystemName": "core-case-worklist-all",
      "BadgeCountClass": "small notice",
      "ShowOnNav": true,
      "RequirePermissionType": null,
      "RequirePermission": null,
      "RequireFeatureType": "None",
      "RequireFeature": null,
      "RequirePhaseList": null,
      "RequirePersonaList": null,
      "MustBeTypesList": null,
      "MustNotBeTypesList": null,
      "MustBeSubTypesList": null,
      "MustNotBeSubTypesList": null,
      "CommandSystemName": null,
      "CommandConfigurationJson": null
    },
    {
      "Id": "bdfdb8bf-10c3-49b0-a49c-b11b00fedff5",
      "PortalId": "fa9640de-ff4a-47d1-a357-b11b00fedff5",
      "ParentId": "80a535dd-ca6a-4422-b06f-b11b00fedff5",
      "DisplayOrder": 2,
      "NavIcon": "fa-question",
      "NavCaption": "Processes",
      "PageSystemName": "processes",
      "BadgeCountListViewSystemName": null,
      "BadgeCountClass": null,
      "ShowOnNav": false,
      "RequirePermissionType": null,
      "RequirePermission": null,
      "RequireFeatureType": "None",
      "RequireFeature": null,
      "RequirePhaseList": null,
      "RequirePersonaList": null,
      "MustBeTypesList": null,
      "MustNotBeTypesList": null,
      "MustBeSubTypesList": null,
      "MustNotBeSubTypesList": null,
      "CommandSystemName": null,
      "CommandConfigurationJson": null
    },
    {
      "Id": "1f43899a-3285-474b-a548-b11b00fedff5",
      "PortalId": "fa9640de-ff4a-47d1-a357-b11b00fedff5",
      "ParentId": null,
      "DisplayOrder": 12,
      "NavIcon": "fa-list",
      "NavCaption": "Chronology",
      "PageSystemName": "chronology",
      "BadgeCountListViewSystemName": null,
      "BadgeCountClass": null,
      "ShowOnNav": true,
      "RequirePermissionType": null,
      "RequirePermission": null,
      "RequireFeatureType": "None",
      "RequireFeature": null,
      "RequirePhaseList": null,
      "RequirePersonaList": null,
      "MustBeTypesList": null,
      "MustNotBeTypesList": null,
      "MustBeSubTypesList": null,
      "MustNotBeSubTypesList": null,
      "CommandSystemName": null,
      "CommandConfigurationJson": null
    },
    {
      "Id": "773e836a-866c-4e0e-a728-b11b00fedff5",
      "PortalId": "fa9640de-ff4a-47d1-a357-b11b00fedff5",
      "ParentId": "bddb3de9-8658-4bf1-b792-b11b00fedff5",
      "DisplayOrder": 1,
      "NavIcon": "fa-money",
      "NavCaption": "Fee Structure",
      "PageSystemName": "feestructure",
      "BadgeCountListViewSystemName": null,
      "BadgeCountClass": null,
      "ShowOnNav": true,
      "RequirePermissionType": null,
      "RequirePermission": null,
      "RequireFeatureType": "None",
      "RequireFeature": null,
      "RequirePhaseList": null,
      "RequirePersonaList": null,
      "MustBeTypesList": null,
      "MustNotBeTypesList": null,
      "MustBeSubTypesList": null,
      "MustNotBeSubTypesList": null,
      "CommandSystemName": null,
      "CommandConfigurationJson": null
    },
    {
      "Id": "b115a942-cdb9-46ed-a90d-b11b00fedff5",
      "PortalId": "fa9640de-ff4a-47d1-a357-b11b00fedff5",
      "ParentId": null,
      "DisplayOrder": 1,
      "NavIcon": "fa-map-marker",
      "NavCaption": "Matter Dashboard",
      "PageSystemName": "default",
      "BadgeCountListViewSystemName": null,
      "BadgeCountClass": null,
      "ShowOnNav": true,
      "RequirePermissionType": null,
      "RequirePermission": null,
      "RequireFeatureType": "None",
      "RequireFeature": null,
      "RequirePhaseList": null,
      "RequirePersonaList": null,
      "MustBeTypesList": null,
      "MustNotBeTypesList": null,
      "MustBeSubTypesList": null,
      "MustNotBeSubTypesList": null,
      "CommandSystemName": null,
      "CommandConfigurationJson": null
    },
    {
      "Id": "b5e30c14-82f3-47ee-a96c-b11b00fedff5",
      "PortalId": "fa9640de-ff4a-47d1-a357-b11b00fedff5",
      "ParentId": "bddb3de9-8658-4bf1-b792-b11b00fedff5",
      "DisplayOrder": 3,
      "NavIcon": "fa-calculator",
      "NavCaption": "Invoice Payment Plans",
      "PageSystemName": "invoice-payment-plans",
      "BadgeCountListViewSystemName": null,
      "BadgeCountClass": null,
      "ShowOnNav": true,
      "RequirePermissionType": null,
      "RequirePermission": null,
      "RequireFeatureType": "Global",
      "RequireFeature": "InvoicePaymentPlans",
      "RequirePhaseList": null,
      "RequirePersonaList": null,
      "MustBeTypesList": null,
      "MustNotBeTypesList": null,
      "MustBeSubTypesList": null,
      "MustNotBeSubTypesList": null,
      "CommandSystemName": null,
      "CommandConfigurationJson": null
    },
    {
      "Id": "273d4688-38b6-4d22-a991-b11b00fedff5",
      "PortalId": "fa9640de-ff4a-47d1-a357-b11b00fedff5",
      "ParentId": null,
      "DisplayOrder": 11,
      "NavIcon": "fa-tachometer",
      "NavCaption": "Risk Management",
      "PageSystemName": "scorecard",
      "BadgeCountListViewSystemName": null,
      "BadgeCountClass": null,
      "ShowOnNav": true,
      "RequirePermissionType": null,
      "RequirePermission": null,
      "RequireFeatureType": "None",
      "RequireFeature": null,
      "RequirePhaseList": null,
      "RequirePersonaList": null,
      "MustBeTypesList": null,
      "MustNotBeTypesList": null,
      "MustBeSubTypesList": null,
      "MustNotBeSubTypesList": null,
      "CommandSystemName": null,
      "CommandConfigurationJson": null
    },
    {
      "Id": "ce9a2422-ceff-4ab8-a9c4-b11b00fedff5",
      "PortalId": "fa9640de-ff4a-47d1-a357-b11b00fedff5",
      "ParentId": null,
      "DisplayOrder": 3,
      "NavIcon": "fa-money",
      "NavCaption": "Finance Dashboard",
      "PageSystemName": "finance-dashboard",
      "BadgeCountListViewSystemName": null,
      "BadgeCountClass": null,
      "ShowOnNav": false,
      "RequirePermissionType": null,
      "RequirePermission": null,
      "RequireFeatureType": "None",
      "RequireFeature": null,
      "RequirePhaseList": null,
      "RequirePersonaList": null,
      "MustBeTypesList": null,
      "MustNotBeTypesList": null,
      "MustBeSubTypesList": null,
      "MustNotBeSubTypesList": null,
      "CommandSystemName": null,
      "CommandConfigurationJson": null
    },
    {
      "Id": "e018cb9f-1c05-4862-ae76-b11b00fedff5",
      "PortalId": "fa9640de-ff4a-47d1-a357-b11b00fedff5",
      "ParentId": "8861f281-1f22-42da-8f0e-b11b00fedff5",
      "DisplayOrder": 4,
      "NavIcon": "fa-list",
      "NavCaption": "Tasks - Completed",
      "PageSystemName": "actions-closed",
      "BadgeCountListViewSystemName": null,
      "BadgeCountClass": null,
      "ShowOnNav": true,
      "RequirePermissionType": null,
      "RequirePermission": null,
      "RequireFeatureType": "None",
      "RequireFeature": null,
      "RequirePhaseList": null,
      "RequirePersonaList": null,
      "MustBeTypesList": null,
      "MustNotBeTypesList": null,
      "MustBeSubTypesList": null,
      "MustNotBeSubTypesList": null,
      "CommandSystemName": null,
      "CommandConfigurationJson": null
    },
    {
      "Id": "80a535dd-ca6a-4422-b06f-b11b00fedff5",
      "PortalId": "fa9640de-ff4a-47d1-a357-b11b00fedff5",
      "ParentId": null,
      "DisplayOrder": 13,
      "NavIcon": "fa-eye-slash",
      "NavCaption": "Hidden pages",
      "PageSystemName": null,
      "BadgeCountListViewSystemName": null,
      "BadgeCountClass": null,
      "ShowOnNav": true,
      "RequirePermissionType": null,
      "RequirePermission": null,
      "RequireFeatureType": "None",
      "RequireFeature": null,
      "RequirePhaseList": null,
      "RequirePersonaList": null,
      "MustBeTypesList": null,
      "MustNotBeTypesList": null,
      "MustBeSubTypesList": null,
      "MustNotBeSubTypesList": null,
      "CommandSystemName": null,
      "CommandConfigurationJson": null
    },
    {
      "Id": "52f60e3d-23b3-4dc1-b513-b11b00fedff5",
      "PortalId": "fa9640de-ff4a-47d1-a357-b11b00fedff5",
      "ParentId": "8861f281-1f22-42da-8f0e-b11b00fedff5",
      "DisplayOrder": 3,
      "NavIcon": "fa-list",
      "NavCaption": "Tasks - Mine",
      "PageSystemName": "actions-my-tasks",
      "BadgeCountListViewSystemName": "core-case-worklist-mine",
      "BadgeCountClass": "small notice",
      "ShowOnNav": true,
      "RequirePermissionType": null,
      "RequirePermission": null,
      "RequireFeatureType": "None",
      "RequireFeature": null,
      "RequirePhaseList": null,
      "RequirePersonaList": null,
      "MustBeTypesList": null,
      "MustNotBeTypesList": null,
      "MustBeSubTypesList": null,
      "MustNotBeSubTypesList": null,
      "CommandSystemName": null,
      "CommandConfigurationJson": null
    },
    {
      "Id": "8b9f43d1-ab62-4580-b73f-b11b00fedff5",
      "PortalId": "fa9640de-ff4a-47d1-a357-b11b00fedff5",
      "ParentId": "80a535dd-ca6a-4422-b06f-b11b00fedff5",
      "DisplayOrder": 1,
      "NavIcon": "fa-question",
      "NavCaption": "Audit",
      "PageSystemName": "audit",
      "BadgeCountListViewSystemName": null,
      "BadgeCountClass": null,
      "ShowOnNav": false,
      "RequirePermissionType": null,
      "RequirePermission": null,
      "RequireFeatureType": "None",
      "RequireFeature": null,
      "RequirePhaseList": null,
      "RequirePersonaList": null,
      "MustBeTypesList": null,
      "MustNotBeTypesList": null,
      "MustBeSubTypesList": null,
      "MustNotBeSubTypesList": null,
      "CommandSystemName": null,
      "CommandConfigurationJson": null
    },
    {
      "Id": "bddb3de9-8658-4bf1-b792-b11b00fedff5",
      "PortalId": "fa9640de-ff4a-47d1-a357-b11b00fedff5",
      "ParentId": null,
      "DisplayOrder": 9,
      "NavIcon": "fa-money",
      "NavCaption": "Finance",
      "PageSystemName": null,
      "BadgeCountListViewSystemName": null,
      "BadgeCountClass": null,
      "ShowOnNav": true,
      "RequirePermissionType": null,
      "RequirePermission": null,
      "RequireFeatureType": "None",
      "RequireFeature": null,
      "RequirePhaseList": null,
      "RequirePersonaList": null,
      "MustBeTypesList": null,
      "MustNotBeTypesList": null,
      "MustBeSubTypesList": null,
      "MustNotBeSubTypesList": null,
      "CommandSystemName": null,
      "CommandConfigurationJson": null
    },
    {
      "Id": "9775274a-0af1-4cc4-b823-b11b00fedff5",
      "PortalId": "fa9640de-ff4a-47d1-a357-b11b00fedff5",
      "ParentId": "8861f281-1f22-42da-8f0e-b11b00fedff5",
      "DisplayOrder": 5,
      "NavIcon": "fa-check",
      "NavCaption": "Approvals",
      "PageSystemName": "actions-approvals",
      "BadgeCountListViewSystemName": null,
      "BadgeCountClass": null,
      "ShowOnNav": true,
      "RequirePermissionType": null,
      "RequirePermission": null,
      "RequireFeatureType": "None",
      "RequireFeature": null,
      "RequirePhaseList": null,
      "RequirePersonaList": null,
      "MustBeTypesList": null,
      "MustNotBeTypesList": null,
      "MustBeSubTypesList": null,
      "MustNotBeSubTypesList": null,
      "CommandSystemName": null,
      "CommandConfigurationJson": null
    },
    {
      "Id": "4a3f136a-7f61-4292-b868-b11b00fedff5",
      "PortalId": "fa9640de-ff4a-47d1-a357-b11b00fedff5",
      "ParentId": null,
      "DisplayOrder": 8,
      "NavIcon": "fa-envelope-o",
      "NavCaption": "Emails",
      "PageSystemName": null,
      "BadgeCountListViewSystemName": null,
      "BadgeCountClass": null,
      "ShowOnNav": true,
      "RequirePermissionType": null,
      "RequirePermission": null,
      "RequireFeatureType": "None",
      "RequireFeature": null,
      "RequirePhaseList": null,
      "RequirePersonaList": null,
      "MustBeTypesList": null,
      "MustNotBeTypesList": null,
      "MustBeSubTypesList": null,
      "MustNotBeSubTypesList": null,
      "CommandSystemName": null,
      "CommandConfigurationJson": null
    },
    {
      "Id": "8b4bafb6-e7b0-45a7-bbd2-b11b00fedff5",
      "PortalId": "fa9640de-ff4a-47d1-a357-b11b00fedff5",
      "ParentId": null,
      "DisplayOrder": 10,
      "NavIcon": "fa-users",
      "NavCaption": "Participants",
      "PageSystemName": "participants",
      "BadgeCountListViewSystemName": null,
      "BadgeCountClass": null,
      "ShowOnNav": false,
      "RequirePermissionType": null,
      "RequirePermission": null,
      "RequireFeatureType": "None",
      "RequireFeature": null,
      "RequirePhaseList": null,
      "RequirePersonaList": null,
      "MustBeTypesList": null,
      "MustNotBeTypesList": null,
      "MustBeSubTypesList": null,
      "MustNotBeSubTypesList": null,
      "CommandSystemName": null,
      "CommandConfigurationJson": null
    },
    {
      "Id": "b94cdd39-2e5b-49f1-bbdd-b11b00fedff5",
      "PortalId": "fa9640de-ff4a-47d1-a357-b11b00fedff5",
      "ParentId": "8861f281-1f22-42da-8f0e-b11b00fedff5",
      "DisplayOrder": 1,
      "NavIcon": "fa-bell",
      "NavCaption": "Tasks - Overdue",
      "PageSystemName": "actions-overdue",
      "BadgeCountListViewSystemName": "core-case-worklist-overdue",
      "BadgeCountClass": "small urgent",
      "ShowOnNav": true,
      "RequirePermissionType": null,
      "RequirePermission": null,
      "RequireFeatureType": "None",
      "RequireFeature": null,
      "RequirePhaseList": null,
      "RequirePersonaList": null,
      "MustBeTypesList": null,
      "MustNotBeTypesList": null,
      "MustBeSubTypesList": null,
      "MustNotBeSubTypesList": null,
      "CommandSystemName": null,
      "CommandConfigurationJson": null
    },
    {
      "Id": "179d0852-0767-4193-be88-b11b00fedff5",
      "PortalId": "fa9640de-ff4a-47d1-a357-b11b00fedff5",
      "ParentId": null,
      "DisplayOrder": 6,
      "NavIcon": "fa-comments",
      "NavCaption": "Comments",
      "PageSystemName": "comments",
      "BadgeCountListViewSystemName": null,
      "BadgeCountClass": null,
      "ShowOnNav": true,
      "RequirePermissionType": null,
      "RequirePermission": null,
      "RequireFeatureType": "None",
      "RequireFeature": null,
      "RequirePhaseList": null,
      "RequirePersonaList": null,
      "MustBeTypesList": null,
      "MustNotBeTypesList": null,
      "MustBeSubTypesList": null,
      "MustNotBeSubTypesList": null,
      "CommandSystemName": null,
      "CommandConfigurationJson": null
    },
    {
      "Id": "af564f09-c74b-4f89-bfdd-b11b00fedff5",
      "PortalId": "fa9640de-ff4a-47d1-a357-b11b00fedff5",
      "ParentId": "bddb3de9-8658-4bf1-b792-b11b00fedff5",
      "DisplayOrder": 5,
      "NavIcon": "fa-clock-o",
      "NavCaption": "Time Entries",
      "PageSystemName": "timeentries",
      "BadgeCountListViewSystemName": null,
      "BadgeCountClass": null,
      "ShowOnNav": true,
      "RequirePermissionType": null,
      "RequirePermission": null,
      "RequireFeatureType": "None",
      "RequireFeature": null,
      "RequirePhaseList": null,
      "RequirePersonaList": null,
      "MustBeTypesList": null,
      "MustNotBeTypesList": null,
      "MustBeSubTypesList": null,
      "MustNotBeSubTypesList": null,
      "CommandSystemName": null,
      "CommandConfigurationJson": null
    },
    {
      "Id": "263d25e2-6e8f-439c-bff7-b11b00fedff5",
      "PortalId": "fa9640de-ff4a-47d1-a357-b11b00fedff5",
      "ParentId": "4a3f136a-7f61-4292-b868-b11b00fedff5",
      "DisplayOrder": 2,
      "NavIcon": "fa-envelope",
      "NavCaption": "Outbound",
      "PageSystemName": "emails-outbound",
      "BadgeCountListViewSystemName": null,
      "BadgeCountClass": null,
      "ShowOnNav": true,
      "RequirePermissionType": null,
      "RequirePermission": null,
      "RequireFeatureType": "None",
      "RequireFeature": null,
      "RequirePhaseList": null,
      "RequirePersonaList": null,
      "MustBeTypesList": null,
      "MustNotBeTypesList": null,
      "MustBeSubTypesList": null,
      "MustNotBeSubTypesList": null,
      "CommandSystemName": null,
      "CommandConfigurationJson": null
    }
  ],
  "Widgets": [
    {
      "Id": "4668902e-1972-48cb-80c8-b11b00fedff5",
      "PortalPageId": "ce9a2422-ceff-4ab8-a9c4-b11b00fedff5",
      "DisplayOrder": 2,
      "Zone": "left-1",
      "Widget": "Sharedo.Core.Case.Fees.VersionOverview",
      "WithChrome": false,
      "Title": "Fee Structure",
      "Icon": "fa-money",
      "ConfigurationJson": "{}",
      "RequirePermissionType": null,
      "RequirePermission": null,
      "RequireFeatureType": "None",
      "RequireFeature": null,
      "RequirePhaseList": null,
      "RequirePersonaList": null,
      "MustBeTypesList": null,
      "MustNotBeTypesList": null,
      "MustBeSubTypesList": null,
      "MustNotBeSubTypesList": null
    },
    {
      "Id": "ac541002-8a28-44f2-8164-b11b00fedff5",
      "PortalPageId": "b115a942-cdb9-46ed-a90d-b11b00fedff5",
      "DisplayOrder": 6,
      "Zone": "right",
      "Widget": "Sharedo.Core.Case.Widgets.Comments",
      "WithChrome": true,
      "Title": "Latest Comments",
      "Icon": "fa-comments",
      "ConfigurationJson": "{\r\n  \"showDescendantsComments\": true\r\n}",
      "RequirePermissionType": "None",
      "RequirePermission": null,
      "RequireFeatureType": "None",
      "RequireFeature": null,
      "RequirePhaseList": null,
      "RequirePersonaList": null,
      "MustBeTypesList": null,
      "MustNotBeTypesList": null,
      "MustBeSubTypesList": null,
      "MustNotBeSubTypesList": null
    },
    {
      "Id": "135a1903-1381-485c-8191-b11b00fedff5",
      "PortalPageId": "9775274a-0af1-4cc4-b823-b11b00fedff5",
      "DisplayOrder": 3,
      "Zone": "top",
      "Widget": "Sharedo.Core.Case.ListViews.ListViewWidget",
      "WithChrome": true,
      "Title": "Worklist",
      "Icon": null,
      "ConfigurationJson": "{\r\n  \"allowBulkActions\": true,\r\n  \"allowBulkAssign\": true,\r\n  \"listView\": {\r\n    \"scope\": \"core-case-worklist-to-approve\"\r\n  }\r\n}",
      "RequirePermissionType": null,
      "RequirePermission": null,
      "RequireFeatureType": "None",
      "RequireFeature": null,
      "RequirePhaseList": null,
      "RequirePersonaList": null,
      "MustBeTypesList": null,
      "MustNotBeTypesList": null,
      "MustBeSubTypesList": null,
      "MustNotBeSubTypesList": null
    },
    {
      "Id": "81fd5815-66d6-48fc-81ab-b11b00fedff5",
      "PortalPageId": "0e0f94a5-84cc-43d6-9d4b-b11b00fedff5",
      "DisplayOrder": 1,
      "Zone": "left-1",
      "Widget": "Sharedo.Core.Legal.Widgets.WorkTypeAggregator",
      "WithChrome": true,
      "Title": "Tasks - Mine",
      "Icon": "fa-tasks",
      "ConfigurationJson": "{\r\n  \"displayAs\": \"Bar\",\r\n  \"enableNavToList\": true,\r\n  \"aggregatorSections\": [\r\n    {\r\n      \"icon\": null,\r\n      \"name\": \"Overdue\",\r\n      \"listViewScope\": \"core-case-worklist-mine-overdue\",\r\n      \"colour\": \"#F6993F\"\r\n    },\r\n    {\r\n      \"icon\": null,\r\n      \"name\": \"Open\",\r\n      \"listViewScope\": \"core-case-worklist-mine-open\",\r\n      \"colour\": \"#3490DC\"\r\n    },\r\n    {\r\n      \"icon\": null,\r\n      \"name\": \"Completed\",\r\n      \"listViewScope\": \"core-case-worklist-mine-closed\",\r\n      \"colour\": \"#38C172\"\r\n    }\r\n  ]\r\n}",
      "RequirePermissionType": null,
      "RequirePermission": null,
      "RequireFeatureType": "None",
      "RequireFeature": null,
      "RequirePhaseList": null,
      "RequirePersonaList": null,
      "MustBeTypesList": null,
      "MustNotBeTypesList": null,
      "MustBeSubTypesList": null,
      "MustNotBeSubTypesList": null
    },
    {
      "Id": "5aa58174-a88c-4372-81b1-b11b00fedff5",
      "PortalPageId": "811105c5-9b90-48b9-91df-b11b00fedff5",
      "DisplayOrder": 1,
      "Zone": "top",
      "Widget": "Sharedo.Core.Case.ListViews.ListViewWidget",
      "WithChrome": true,
      "Title": "Invoices",
      "Icon": null,
      "ConfigurationJson": "{\r\n  \"inlineAddWidget\": null,\r\n  \"inlineAddWidgetParams\": {},\r\n  \"allowBulkActions\": true,\r\n  \"allowBulkAssign\": true,\r\n  \"allowBulkTransition\": true,\r\n  \"customMenuContext\": \"invoice-actions-context\",\r\n  \"customMenuTitle\": \"Create\",\r\n  \"listView\": {\r\n    \"scope\": \"core-case-invoices\"\r\n  }\r\n}",
      "RequirePermissionType": null,
      "RequirePermission": null,
      "RequireFeatureType": "None",
      "RequireFeature": null,
      "RequirePhaseList": null,
      "RequirePersonaList": null,
      "MustBeTypesList": null,
      "MustNotBeTypesList": null,
      "MustBeSubTypesList": null,
      "MustNotBeSubTypesList": null
    },
    {
      "Id": "41739dfb-b61d-47e7-8465-b11b00fedff5",
      "PortalPageId": "b115a942-cdb9-46ed-a90d-b11b00fedff5",
      "DisplayOrder": 5,
      "Zone": "right",
      "Widget": "Sharedo.Core.Case.Widgets.DocumentExpectation",
      "WithChrome": true,
      "Title": "Awaiting Response",
      "Icon": "fa-spinner",
      "ConfigurationJson": "{\r\n  \"showCommandButtons\": true,\r\n  \"showPhaseChangeButton\": true,\r\n  \"showFileUploadButton\": true,\r\n  \"showTypeRow\": true,\r\n  \"showCurrentPhase\": true,\r\n  \"showOwner\": true,\r\n  \"showPhaseChangeReason\": true,\r\n  \"showNavChevron\": true,\r\n  \"showDueDate\": true,\r\n  \"showFrom\": true,\r\n  \"showCompletedExpectations\": true,\r\n  \"friendlyDateTooltip\": true,\r\n  \"showOnlyPhaseFeatures\": [\r\n    \"document-expectation-waiting\",\r\n    \"document-expectation-reviewing\",\r\n    \"document-expectation-concluded\"\r\n  ]\r\n}",
      "RequirePermissionType": "None",
      "RequirePermission": null,
      "RequireFeatureType": "None",
      "RequireFeature": null,
      "RequirePhaseList": null,
      "RequirePersonaList": null,
      "MustBeTypesList": null,
      "MustNotBeTypesList": null,
      "MustBeSubTypesList": null,
      "MustNotBeSubTypesList": null
    },
    {
      "Id": "407d876a-a596-4f01-84e0-b11b00fedff5",
      "PortalPageId": "b115a942-cdb9-46ed-a90d-b11b00fedff5",
      "DisplayOrder": 3,
      "Zone": "left-top",
      "Widget": "Sharedo.Core.Case.Fees.VersionOverview",
      "WithChrome": false,
      "Title": "Fee Structure",
      "Icon": "fa-money",
      "ConfigurationJson": "{}",
      "RequirePermissionType": "None",
      "RequirePermission": null,
      "RequireFeatureType": "None",
      "RequireFeature": null,
      "RequirePhaseList": null,
      "RequirePersonaList": null,
      "MustBeTypesList": null,
      "MustNotBeTypesList": null,
      "MustBeSubTypesList": null,
      "MustNotBeSubTypesList": null
    },
    {
      "Id": "ecd9f420-c6e6-4812-8543-b11b00fedff5",
      "PortalPageId": "1539fe61-ad6d-4d52-8c23-b11b00fedff5",
      "DisplayOrder": 1,
      "Zone": "top",
      "Widget": "Sharedo.Core.Legal.Widgets.PaymentSummary",
      "WithChrome": true,
      "Title": "Payment Summary",
      "Icon": null,
      "ConfigurationJson": "{}",
      "RequirePermissionType": null,
      "RequirePermission": null,
      "RequireFeatureType": "None",
      "RequireFeature": null,
      "RequirePhaseList": null,
      "RequirePersonaList": null,
      "MustBeTypesList": null,
      "MustNotBeTypesList": null,
      "MustBeSubTypesList": null,
      "MustNotBeSubTypesList": null
    },
    {
      "Id": "7d7c1f80-3216-47d1-85e7-b11b00fedff5",
      "PortalPageId": "b115a942-cdb9-46ed-a90d-b11b00fedff5",
      "DisplayOrder": 4,
      "Zone": "left-top",
      "Widget": "Sharedo.Core.Case.Sharedo.CaseExplorer",
      "WithChrome": true,
      "Title": "Case Explorer",
      "Icon": "fa-compass",
      "ConfigurationJson": "{}",
      "RequirePermissionType": "None",
      "RequirePermission": null,
      "RequireFeatureType": "None",
      "RequireFeature": null,
      "RequirePhaseList": null,
      "RequirePersonaList": null,
      "MustBeTypesList": null,
      "MustNotBeTypesList": null,
      "MustBeSubTypesList": null,
      "MustNotBeSubTypesList": null
    },
    {
      "Id": "28bd3a5d-26c0-4ac0-86db-b11b00fedff5",
      "PortalPageId": "273d4688-38b6-4d22-a991-b11b00fedff5",
      "DisplayOrder": 1,
      "Zone": "right-1",
      "Widget": "Sharedo.Core.Case.Widgets.Scorecards.Profile",
      "WithChrome": true,
      "Title": "SCORECARD PROFILE",
      "Icon": "fa-area-chart",
      "ConfigurationJson": "{\r\n  \"textColour\": \"white\"\r\n}",
      "RequirePermissionType": null,
      "RequirePermission": null,
      "RequireFeatureType": "None",
      "RequireFeature": null,
      "RequirePhaseList": null,
      "RequirePersonaList": null,
      "MustBeTypesList": null,
      "MustNotBeTypesList": null,
      "MustBeSubTypesList": null,
      "MustNotBeSubTypesList": null
    },
    {
      "Id": "09efc117-a73c-4ae5-8916-b11b00fedff5",
      "PortalPageId": "af564f09-c74b-4f89-bfdd-b11b00fedff5",
      "DisplayOrder": 1,
      "Zone": "bottom",
      "Widget": "Sharedo.Core.Case.ListViews.ListViewWidget",
      "WithChrome": true,
      "Title": "Time Entries - All",
      "Icon": null,
      "ConfigurationJson": "{\r\n  \"allowBulkActions\": true,\r\n  \"allowBulkAssign\": true,\r\n  \"allowBulkTransition\": true,\r\n  \"customBulkMenuContext\": \"core-time-entry-listview-bulk-actions\",\r\n  \"customMenuContext\": null,\r\n  \"customMenu\": {\r\n    \"menuType\": \"General\",\r\n    \"objectType\": \"Sharedo\",\r\n    \"objectTypeScope\": \"\",\r\n    \"megaMenuColumns\": null,\r\n    \"megaMenuDoubleWide\": false,\r\n    \"megaMenuTitle\": null,\r\n    \"megaMenuIcon\": null,\r\n    \"megaMenuSearch\": null,\r\n    \"overridden\": true,\r\n    \"options\": [\r\n      {\r\n        \"type\": \"Command\",\r\n        \"icon\": \"fa-plus\",\r\n        \"title\": \"New time entry\",\r\n        \"commandSystemName\": \"record-time-entry\",\r\n        \"commandConfigurationJson\": \"{}\",\r\n        \"providerSystemName\": null,\r\n        \"providerConfigurationJson\": null,\r\n        \"requirePermissionType\": null,\r\n        \"requirePermission\": null,\r\n        \"requirePhases\": [],\r\n        \"requirePersonas\": [],\r\n        \"megaMenuColumns\": null,\r\n        \"megaMenuDoubleWide\": null,\r\n        \"megaMenuSearch\": null,\r\n        \"children\": []\r\n      }\r\n    ]\r\n  },\r\n  \"listView\": {\r\n    \"scope\": \"core-case-time-entries\",\r\n    \"view\": \"table\"\r\n  }\r\n}",
      "RequirePermissionType": null,
      "RequirePermission": null,
      "RequireFeatureType": "None",
      "RequireFeature": null,
      "RequirePhaseList": null,
      "RequirePersonaList": null,
      "MustBeTypesList": null,
      "MustNotBeTypesList": null,
      "MustBeSubTypesList": null,
      "MustNotBeSubTypesList": null
    },
    {
      "Id": "bcbc6071-42fb-45e8-89b9-b11b00fedff5",
      "PortalPageId": "8b4bafb6-e7b0-45a7-bbd2-b11b00fedff5",
      "DisplayOrder": 1,
      "Zone": "top",
      "Widget": "Sharedo.Core.Case.Widgets.ParticipantList",
      "WithChrome": true,
      "Title": "Participants",
      "Icon": null,
      "ConfigurationJson": "{\r\n  \"onlyShowTypePaths\": [\r\n    \"/contract/\",\r\n    \"/statement-of-work/\",\r\n    \"/matter/\"\r\n  ]\r\n}",
      "RequirePermissionType": null,
      "RequirePermission": null,
      "RequireFeatureType": "None",
      "RequireFeature": null,
      "RequirePhaseList": null,
      "RequirePersonaList": null,
      "MustBeTypesList": null,
      "MustNotBeTypesList": null,
      "MustBeSubTypesList": null,
      "MustNotBeSubTypesList": null
    },
    {
      "Id": "65cbb73c-1b70-4857-8a44-b11b00fedff5",
      "PortalPageId": "b115a942-cdb9-46ed-a90d-b11b00fedff5",
      "DisplayOrder": 4,
      "Zone": "middle-top",
      "Widget": "Sharedo.Core.Case.Participants.ParticipantSummary",
      "WithChrome": true,
      "Title": "Participants",
      "Icon": "fa-users",
      "ConfigurationJson": "{\r\n  \"hideAddButton\": false,\r\n  \"excludeParticipantCategories\": [],\r\n  \"excludeParticipantTypes\": [],\r\n  \"excludeRoleSystemNames\": [\r\n    \"client\",\r\n    \"contributor\",\r\n    \"creator\",\r\n    \"matter-assistant\",\r\n    \"matter-owner\",\r\n    \"matter-partner\",\r\n    \"matter-supervisor\",\r\n    \"reader\"\r\n  ],\r\n  \"roleSystemNames\": [],\r\n  \"displayParticipantMenu\": true,\r\n  \"displayCardsMaxCount\": 4\r\n}",
      "RequirePermissionType": "None",
      "RequirePermission": null,
      "RequireFeatureType": "None",
      "RequireFeature": null,
      "RequirePhaseList": null,
      "RequirePersonaList": null,
      "MustBeTypesList": null,
      "MustNotBeTypesList": null,
      "MustBeSubTypesList": null,
      "MustNotBeSubTypesList": null
    },
    {
      "Id": "0c75517b-a416-49c7-8c77-b11b00fedff5",
      "PortalPageId": "9775274a-0af1-4cc4-b823-b11b00fedff5",
      "DisplayOrder": 2,
      "Zone": "top",
      "Widget": "Sharedo.Core.Case.ListViews.ListViewWidget",
      "WithChrome": true,
      "Title": "Worklist",
      "Icon": null,
      "ConfigurationJson": "{\r\n  \"allowBulkActions\": true,\r\n  \"allowBulkAssign\": true,\r\n  \"listView\": {\r\n    \"scope\": \"core-case-worklist-pending-approvals\"\r\n  }\r\n}",
      "RequirePermissionType": null,
      "RequirePermission": null,
      "RequireFeatureType": "None",
      "RequireFeature": null,
      "RequirePhaseList": null,
      "RequirePersonaList": null,
      "MustBeTypesList": null,
      "MustNotBeTypesList": null,
      "MustBeSubTypesList": null,
      "MustNotBeSubTypesList": null
    },
    {
      "Id": "ce53f9a1-531c-4417-8d20-b11b00fedff5",
      "PortalPageId": "0e0f94a5-84cc-43d6-9d4b-b11b00fedff5",
      "DisplayOrder": 1,
      "Zone": "top",
      "Widget": "Sharedo.Core.Case.PlanView.Widget",
      "WithChrome": true,
      "Title": "Plan",
      "Icon": "fa-tasks",
      "ConfigurationJson": "{\r\n  \"time\": {\r\n    \"show\": true,\r\n    \"scale\": \"months\"\r\n  },\r\n  \"phasePlan\": {\r\n    \"show\": true,\r\n    \"colour\": \"#bada55\",\r\n    \"showTransitionUser\": true\r\n  },\r\n  \"planDependencies\": {\r\n    \"show\": false,\r\n    \"dependencies\": []\r\n  },\r\n  \"swimlanes\": [\r\n    {\r\n      \"name\": \"Key Dates\",\r\n      \"description\": null,\r\n      \"colour\": \"#3490DC\",\r\n      \"title\": \"\",\r\n      \"listViewScope\": \"core-case-plan-view-key-milestones\",\r\n      \"showItemIcon\": true,\r\n      \"itemIcon\": \"fa-map-marker\",\r\n      \"showItemRef\": false,\r\n      \"showItemTitle\": true,\r\n      \"showItemPhase\": false,\r\n      \"varyItemWidthByDuration\": false,\r\n      \"userCanChangeExpectedStart\": true,\r\n      \"userCanChangeExpectedDuration\": false\r\n    },\r\n    {\r\n      \"name\": \"Tasks\",\r\n      \"description\": null,\r\n      \"colour\": \"#6CB2EB\",\r\n      \"title\": \"\",\r\n      \"listViewScope\": \"core-case-worklist-all\",\r\n      \"showItemIcon\": false,\r\n      \"itemIcon\": null,\r\n      \"showItemRef\": false,\r\n      \"showItemTitle\": true,\r\n      \"showItemPhase\": true,\r\n      \"varyItemWidthByDuration\": false,\r\n      \"userCanChangeExpectedStart\": true,\r\n      \"userCanChangeExpectedDuration\": false\r\n    }\r\n  ]\r\n}",
      "RequirePermissionType": null,
      "RequirePermission": null,
      "RequireFeatureType": "None",
      "RequireFeature": null,
      "RequirePhaseList": null,
      "RequirePersonaList": null,
      "MustBeTypesList": null,
      "MustNotBeTypesList": null,
      "MustBeSubTypesList": null,
      "MustNotBeSubTypesList": null
    },
    {
      "Id": "28b974ed-fed4-4f3b-8d7c-b11b00fedff5",
      "PortalPageId": "14ce2d8b-f9dc-4208-a134-b11b00fedff5",
      "DisplayOrder": 1,
      "Zone": "top",
      "Widget": "Sharedo.Core.Case.ListViews.ListViewWidget",
      "WithChrome": true,
      "Title": "Worklist",
      "Icon": null,
      "ConfigurationJson": "{\r\n  \"allowBulkActions\": true,\r\n  \"allowBulkAssign\": true,\r\n  \"customMenuContext\": \"payment-request-actions-context\",\r\n  \"customMenuTitle\": \"Create\",\r\n  \"listView\": {\r\n    \"scope\": \"core-case-worklist-all\"\r\n  }\r\n}",
      "RequirePermissionType": null,
      "RequirePermission": null,
      "RequireFeatureType": "None",
      "RequireFeature": null,
      "RequirePhaseList": null,
      "RequirePersonaList": null,
      "MustBeTypesList": null,
      "MustNotBeTypesList": null,
      "MustBeSubTypesList": null,
      "MustNotBeSubTypesList": null
    },
    {
      "Id": "623c8086-ef74-4e19-8db7-b11b00fedff5",
      "PortalPageId": "0e0f94a5-84cc-43d6-9d4b-b11b00fedff5",
      "DisplayOrder": 1,
      "Zone": "right-1",
      "Widget": "Sharedo.Core.Legal.Widgets.WorkTypeAggregator",
      "WithChrome": true,
      "Title": "Tasks - All",
      "Icon": "fa-tasks",
      "ConfigurationJson": "{\r\n  \"displayAs\": \"Bar\",\r\n  \"enableNavToList\": true,\r\n  \"aggregatorSections\": [\r\n    {\r\n      \"icon\": null,\r\n      \"name\": \"Overdue\",\r\n      \"listViewScope\": \"core-case-worklist-overdue\",\r\n      \"colour\": \"#F6993F\"\r\n    },\r\n    {\r\n      \"icon\": null,\r\n      \"name\": \"Open\",\r\n      \"listViewScope\": \"core-case-worklist-all\",\r\n      \"colour\": \"#3490DC\"\r\n    },\r\n    {\r\n      \"icon\": null,\r\n      \"name\": \"Completed\",\r\n      \"listViewScope\": \"core-case-worklist-closed\",\r\n      \"colour\": \"#38C172\"\r\n    }\r\n  ]\r\n}",
      "RequirePermissionType": null,
      "RequirePermission": null,
      "RequireFeatureType": "None",
      "RequireFeature": null,
      "RequirePhaseList": null,
      "RequirePersonaList": null,
      "MustBeTypesList": null,
      "MustNotBeTypesList": null,
      "MustBeSubTypesList": null,
      "MustNotBeSubTypesList": null
    },
    {
      "Id": "c20e0fc1-fcbe-46fa-8f63-b11b00fedff5",
      "PortalPageId": "773e836a-866c-4e0e-a728-b11b00fedff5",
      "DisplayOrder": 2,
      "Zone": "left-1",
      "Widget": "Sharedo.Core.Case.Aspects.Widgets.DeliveryCostStructureNav",
      "WithChrome": true,
      "Title": "Delivery Cost Structures",
      "Icon": "",
      "ConfigurationJson": "{}",
      "RequirePermissionType": null,
      "RequirePermission": null,
      "RequireFeatureType": "None",
      "RequireFeature": null,
      "RequirePhaseList": null,
      "RequirePersonaList": null,
      "MustBeTypesList": null,
      "MustNotBeTypesList": null,
      "MustBeSubTypesList": null,
      "MustNotBeSubTypesList": null
    },
    {
      "Id": "8bd77e63-8e8c-486e-9112-b11b00fedff5",
      "PortalPageId": "b115a942-cdb9-46ed-a90d-b11b00fedff5",
      "DisplayOrder": 3,
      "Zone": "right",
      "Widget": "Sharedo.Core.Legal.Widgets.WorkTypeAggregator",
      "WithChrome": true,
      "Title": "Matter Tasks",
      "Icon": "fa-tasks",
      "ConfigurationJson": "{\r\n  \"displayAs\": \"Bar\",\r\n  \"enableNavToList\": true,\r\n  \"aggregatorSections\": [\r\n    {\r\n      \"icon\": null,\r\n      \"name\": \"Overdue\",\r\n      \"listViewScope\": \"core-case-worklist-overdue\",\r\n      \"colour\": \"#F6993F\"\r\n    },\r\n    {\r\n      \"icon\": null,\r\n      \"name\": \"Open\",\r\n      \"listViewScope\": \"core-case-worklist-all\",\r\n      \"colour\": \"#3490DC\"\r\n    },\r\n    {\r\n      \"icon\": null,\r\n      \"name\": \"Completed\",\r\n      \"listViewScope\": \"core-case-worklist-closed\",\r\n      \"colour\": \"#38C172\"\r\n    }\r\n  ]\r\n}",
      "RequirePermissionType": "None",
      "RequirePermission": null,
      "RequireFeatureType": "None",
      "RequireFeature": null,
      "RequirePhaseList": null,
      "RequirePersonaList": null,
      "MustBeTypesList": null,
      "MustNotBeTypesList": null,
      "MustBeSubTypesList": null,
      "MustNotBeSubTypesList": null
    },
    {
      "Id": "c21a5d01-64e6-48ee-9126-b11b00fedff5",
      "PortalPageId": "b5e30c14-82f3-47ee-a96c-b11b00fedff5",
      "DisplayOrder": 1,
      "Zone": "top",
      "Widget": "Sharedo.Core.Case.ListViews.ListViewWidget",
      "WithChrome": true,
      "Title": "Invoice Payment Plans",
      "Icon": null,
      "ConfigurationJson": "{\r\n  \"allowBulkActions\": true,\r\n  \"allowBulkAssign\": true,\r\n  \"allowBulkTransition\": true,\r\n  \"customBulkMenuContext\": null,\r\n  \"customMenuContext\": null,\r\n  \"listView\": {\r\n    \"scope\": \"core-case-invoice-payment-plans\",\r\n    \"view\": \"table\"\r\n  }\r\n}",
      "RequirePermissionType": null,
      "RequirePermission": null,
      "RequireFeatureType": "None",
      "RequireFeature": null,
      "RequirePhaseList": null,
      "RequirePersonaList": null,
      "MustBeTypesList": null,
      "MustNotBeTypesList": null,
      "MustBeSubTypesList": null,
      "MustNotBeSubTypesList": null
    },
    {
      "Id": "c766afb0-93e4-4109-9136-b11b00fedff5",
      "PortalPageId": "52f60e3d-23b3-4dc1-b513-b11b00fedff5",
      "DisplayOrder": 1,
      "Zone": "top",
      "Widget": "Sharedo.Core.Legal.Widgets.MatterRadar_v2",
      "WithChrome": false,
      "Title": null,
      "Icon": null,
      "ConfigurationJson": "{}",
      "RequirePermissionType": null,
      "RequirePermission": null,
      "RequireFeatureType": "None",
      "RequireFeature": null,
      "RequirePhaseList": null,
      "RequirePersonaList": null,
      "MustBeTypesList": null,
      "MustNotBeTypesList": null,
      "MustBeSubTypesList": null,
      "MustNotBeSubTypesList": null
    },
    {
      "Id": "655ba4fc-a017-488b-920c-b11b00fedff5",
      "PortalPageId": "b115a942-cdb9-46ed-a90d-b11b00fedff5",
      "DisplayOrder": 5,
      "Zone": "middle-top",
      "Widget": "Sharedo.Core.Case.Participants.ParticipantSummary",
      "WithChrome": true,
      "Title": "Case Team",
      "Icon": "fa-user",
      "ConfigurationJson": "{\r\n  \"hideAddButton\": false,\r\n  \"excludeParticipantCategories\": [],\r\n  \"excludeParticipantTypes\": [],\r\n  \"excludeRoleSystemNames\": [\r\n    \"client\"\r\n  ],\r\n  \"roleSystemNames\": [\r\n    \"matter-assistant\",\r\n    \"matter-owner\",\r\n    \"matter-partner\",\r\n    \"matter-supervisor\"\r\n  ],\r\n  \"displayParticipantMenu\": true,\r\n  \"displayCardsMaxCount\": 4\r\n}",
      "RequirePermissionType": "None",
      "RequirePermission": null,
      "RequireFeatureType": "None",
      "RequireFeature": null,
      "RequirePhaseList": null,
      "RequirePersonaList": null,
      "MustBeTypesList": null,
      "MustNotBeTypesList": null,
      "MustBeSubTypesList": null,
      "MustNotBeSubTypesList": null
    },
    {
      "Id": "9ef016cf-cb67-47a5-94d5-b11b00fedff5",
      "PortalPageId": "773e836a-866c-4e0e-a728-b11b00fedff5",
      "DisplayOrder": 1,
      "Zone": "left-1",
      "Widget": "Sharedo.Core.Case.Fees.CommercialModelContainer",
      "WithChrome": false,
      "Title": "",
      "Icon": "",
      "ConfigurationJson": "{\r\n  \"withChrome\": true,\r\n  \"isExpanded\": true,\r\n  \"canExpandCollapse\": false,\r\n  \"showActuals\": false,\r\n  \"showOverviewWidget\": true,\r\n  \"showMenu\": true,\r\n  \"containerIdPrefix\": \"FeeGroupEstimates_\"\r\n}",
      "RequirePermissionType": null,
      "RequirePermission": null,
      "RequireFeatureType": "None",
      "RequireFeature": null,
      "RequirePhaseList": null,
      "RequirePersonaList": null,
      "MustBeTypesList": null,
      "MustNotBeTypesList": null,
      "MustBeSubTypesList": null,
      "MustNotBeSubTypesList": null
    },
    {
      "Id": "0bb80030-2be3-4ee9-9754-b11b00fedff5",
      "PortalPageId": "e018cb9f-1c05-4862-ae76-b11b00fedff5",
      "DisplayOrder": 1,
      "Zone": "top",
      "Widget": "Sharedo.Core.Legal.Widgets.MatterRadar_v2",
      "WithChrome": false,
      "Title": null,
      "Icon": null,
      "ConfigurationJson": "{}",
      "RequirePermissionType": null,
      "RequirePermission": null,
      "RequireFeatureType": "None",
      "RequireFeature": null,
      "RequirePhaseList": null,
      "RequirePersonaList": null,
      "MustBeTypesList": null,
      "MustNotBeTypesList": null,
      "MustBeSubTypesList": null,
      "MustNotBeSubTypesList": null
    },
    {
      "Id": "a583e396-3249-482e-9767-b11b00fedff5",
      "PortalPageId": "ce9a2422-ceff-4ab8-a9c4-b11b00fedff5",
      "DisplayOrder": 1,
      "Zone": "right-1",
      "Widget": "Sharedo.Core.Legal.Widgets.PaymentSummary",
      "WithChrome": true,
      "Title": "Payment Summary",
      "Icon": null,
      "ConfigurationJson": "{}",
      "RequirePermissionType": null,
      "RequirePermission": null,
      "RequireFeatureType": "None",
      "RequireFeature": null,
      "RequirePhaseList": null,
      "RequirePersonaList": null,
      "MustBeTypesList": null,
      "MustNotBeTypesList": null,
      "MustBeSubTypesList": null,
      "MustNotBeSubTypesList": null
    },
    {
      "Id": "32f82e7e-0bc9-4e14-9a59-b11b00fedff5",
      "PortalPageId": "b115a942-cdb9-46ed-a90d-b11b00fedff5",
      "DisplayOrder": 1,
      "Zone": "top",
      "Widget": "Sharedo.Core.Case.PlanView.Widget",
      "WithChrome": true,
      "Title": "Plan",
      "Icon": "fa-tasks",
      "ConfigurationJson": "{\r\n  \"time\": {\r\n    \"show\": true,\r\n    \"scale\": \"months\"\r\n  },\r\n  \"phasePlan\": {\r\n    \"show\": true,\r\n    \"colour\": \"#bada55\",\r\n    \"showTransitionUser\": true\r\n  },\r\n  \"planDependencies\": {\r\n    \"show\": false,\r\n    \"dependencies\": []\r\n  },\r\n  \"swimlanes\": [\r\n    {\r\n      \"name\": \"Key Dates\",\r\n      \"description\": null,\r\n      \"colour\": \"#3490DC\",\r\n      \"title\": \"\",\r\n      \"listViewScope\": \"core-case-plan-view-key-milestones\",\r\n      \"showItemIcon\": true,\r\n      \"itemIcon\": \"fa-map-marker\",\r\n      \"showItemRef\": false,\r\n      \"showItemTitle\": true,\r\n      \"showItemPhase\": false,\r\n      \"varyItemWidthByDuration\": false,\r\n      \"userCanChangeExpectedStart\": true,\r\n      \"userCanChangeExpectedDuration\": false\r\n    }\r\n  ]\r\n}",
      "RequirePermissionType": "None",
      "RequirePermission": null,
      "RequireFeatureType": "None",
      "RequireFeature": null,
      "RequirePhaseList": null,
      "RequirePersonaList": null,
      "MustBeTypesList": null,
      "MustNotBeTypesList": null,
      "MustBeSubTypesList": null,
      "MustNotBeSubTypesList": null
    },
    {
      "Id": "e9d80f41-fe73-449f-9ac9-b11b00fedff5",
      "PortalPageId": "b94cdd39-2e5b-49f1-bbdd-b11b00fedff5",
      "DisplayOrder": 1,
      "Zone": "top",
      "Widget": "Sharedo.Core.Legal.Widgets.MatterRadar_v2",
      "WithChrome": false,
      "Title": null,
      "Icon": null,
      "ConfigurationJson": "{}",
      "RequirePermissionType": null,
      "RequirePermission": null,
      "RequireFeatureType": "None",
      "RequireFeature": null,
      "RequirePhaseList": null,
      "RequirePersonaList": null,
      "MustBeTypesList": null,
      "MustNotBeTypesList": null,
      "MustBeSubTypesList": null,
      "MustNotBeSubTypesList": null
    },
    {
      "Id": "89a2eb3b-d6ca-4198-9adc-b11b00fedff5",
      "PortalPageId": "b94cdd39-2e5b-49f1-bbdd-b11b00fedff5",
      "DisplayOrder": 2,
      "Zone": "top",
      "Widget": "Sharedo.Core.Case.ListViews.ListViewWidget",
      "WithChrome": true,
      "Title": "Worklist",
      "Icon": null,
      "ConfigurationJson": "{\r\n  \"allowBulkActions\": true,\r\n  \"allowBulkAssign\": true,\r\n  \"listView\": {\r\n    \"scope\": \"core-case-worklist-overdue\"\r\n  }\r\n}",
      "RequirePermissionType": null,
      "RequirePermission": null,
      "RequireFeatureType": "None",
      "RequireFeature": null,
      "RequirePhaseList": null,
      "RequirePersonaList": null,
      "MustBeTypesList": null,
      "MustNotBeTypesList": null,
      "MustBeSubTypesList": null,
      "MustNotBeSubTypesList": null
    },
    {
      "Id": "b2486979-0f15-4b49-9d2c-b11b00fedff5",
      "PortalPageId": "b115a942-cdb9-46ed-a90d-b11b00fedff5",
      "DisplayOrder": 2,
      "Zone": "right",
      "Widget": "Sharedo.Core.Legal.Widgets.WorkTypeAggregator",
      "WithChrome": true,
      "Title": "My Tasks",
      "Icon": "fa-tasks",
      "ConfigurationJson": "{\r\n  \"displayAs\": \"Bar\",\r\n  \"enableNavToList\": true,\r\n  \"aggregatorSections\": [\r\n    {\r\n      \"icon\": null,\r\n      \"name\": \"Overdue\",\r\n      \"listViewScope\": \"core-case-worklist-mine-overdue\",\r\n      \"colour\": \"#F6993F\"\r\n    },\r\n    {\r\n      \"icon\": null,\r\n      \"name\": \"Open\",\r\n      \"listViewScope\": \"core-case-worklist-mine-open\",\r\n      \"colour\": \"#3490DC\"\r\n    },\r\n    {\r\n      \"icon\": null,\r\n      \"name\": \"Completed\",\r\n      \"listViewScope\": \"core-case-worklist-mine-closed\",\r\n      \"colour\": \"#38C172\"\r\n    }\r\n  ]\r\n}",
      "RequirePermissionType": "None",
      "RequirePermission": null,
      "RequireFeatureType": "None",
      "RequireFeature": null,
      "RequirePhaseList": null,
      "RequirePersonaList": null,
      "MustBeTypesList": null,
      "MustNotBeTypesList": null,
      "MustBeSubTypesList": null,
      "MustNotBeSubTypesList": null
    },
    {
      "Id": "7b8c1bbe-bc6d-4ae2-9d62-b11b00fedff5",
      "PortalPageId": "0e0f94a5-84cc-43d6-9d4b-b11b00fedff5",
      "DisplayOrder": 1,
      "Zone": "bottom",
      "Widget": "Sharedo.Core.Case.ListViews.ListViewWidget",
      "WithChrome": true,
      "Title": "Worklist - All Open",
      "Icon": null,
      "ConfigurationJson": "{\r\n  \"allowBulkActions\": true,\r\n  \"allowBulkAssign\": true,\r\n  \"allowBulkTransition\": true,\r\n  \"customBulkMenuContext\": null,\r\n  \"customMenuContext\": \"payment-request-actions-context\",\r\n  \"listView\": {\r\n    \"scope\": \"core-case-worklist-all\",\r\n    \"view\": \"table\"\r\n  }\r\n}",
      "RequirePermissionType": null,
      "RequirePermission": null,
      "RequireFeatureType": "None",
      "RequireFeature": null,
      "RequirePhaseList": null,
      "RequirePersonaList": null,
      "MustBeTypesList": null,
      "MustNotBeTypesList": null,
      "MustBeSubTypesList": null,
      "MustNotBeSubTypesList": null
    },
    {
      "Id": "46fbe2b1-a35a-4024-a059-b11b00fedff5",
      "PortalPageId": "b115a942-cdb9-46ed-a90d-b11b00fedff5",
      "DisplayOrder": 1,
      "Zone": "left-top",
      "Widget": "Sharedo.Core.Case.Sharedo.KeyFacts",
      "WithChrome": true,
      "Title": "Case Key Facts",
      "Icon": "fa-list",
      "ConfigurationJson": "{\r\n  \"labelCss\": \"col-md-4\",\r\n  \"valueCss\": \"col-md-6\",\r\n  \"toolbarMenuContext\": \"key-facts-menu-context\",\r\n  \"tagLibraries\": [\r\n    \"core-case-key-facts-tag-loaders\"\r\n  ],\r\n  \"displayConfig\": [\r\n    {\r\n      \"label\": \"Matter Ref.\",\r\n      \"hide\": false,\r\n      \"hideIfEmpty\": false,\r\n      \"data\": \"[Sharedo_Ref]\",\r\n      \"defaultText\": \"N/A\"\r\n    },\r\n    {\r\n      \"label\": \"Title\",\r\n      \"hide\": false,\r\n      \"hideIfEmpty\": false,\r\n      \"data\": \"[Sharedo_Title]\",\r\n      \"defaultText\": \"N/A\"\r\n    },\r\n    {\r\n      \"label\": \"Matter Type\",\r\n      \"hide\": false,\r\n      \"hideIfEmpty\": false,\r\n      \"formatter\": \"ckf-format-icon-and-text\",\r\n      \"data\": {\r\n        \"icon\": \"[Sharedo_Type_Icon]\",\r\n        \"text\": \"[Sharedo_Type_Name]\"\r\n      }\r\n    },\r\n    {\r\n      \"label\": \"Sub Type\",\r\n      \"hide\": false,\r\n      \"hideIfEmpty\": false,\r\n      \"data\": \"[Sharedo_Sub_Type_Name]\",\r\n      \"defaultText\": \"None\"\r\n    },\r\n    {\r\n      \"label\": \"Phase\",\r\n      \"hide\": false,\r\n      \"hideIfEmpty\": false,\r\n      \"formatter\": \"ckf-format-icon-and-text\",\r\n      \"data\": {\r\n        \"icon\": \"[Sharedo_PhaseIcon]\",\r\n        \"text\": \"[Sharedo_PhaseName]\"\r\n      }\r\n    },\r\n    {\r\n      \"label\": \"Opened Date\",\r\n      \"hide\": false,\r\n      \"hideIfEmpty\": false,\r\n      \"data\": \"[Sharedo_Opened_Date_Long_Date_Format]\"\r\n    },\r\n    {\r\n      \"label\": \"Closed Date\",\r\n      \"hide\": false,\r\n      \"hideIfEmpty\": true,\r\n      \"data\": \"[Sharedo_Closed_Date_Long_Date_Format]\"\r\n    },\r\n    {\r\n      \"label\": \"Reopen Date\",\r\n      \"hide\": false,\r\n      \"hideIfEmpty\": true,\r\n      \"data\": \"[Sharedo_ReOpened_Date_Long_Date_Format]\"\r\n    },\r\n    {\r\n      \"label\": \"Client Name\",\r\n      \"hide\": true,\r\n      \"hideIfEmpty\": false,\r\n      \"data\": \"[Client_Name]\",\r\n      \"defaultText\": \"N/A\"\r\n    },\r\n    {\r\n      \"label\": \"Statement of Work\",\r\n      \"hide\": false,\r\n      \"hideIfEmpty\": false,\r\n      \"formatter\": \"ckf-format-link\",\r\n      \"data\": {\r\n        \"url\": \"/sharedo/[Sharedo_Parent_Id]\",\r\n        \"text\": \"[Sharedo_Parent_Title] ([Sharedo_Parent_Ref])\"\r\n      }\r\n    },\r\n    {\r\n      \"label\": \"Jurisdiction\",\r\n      \"hide\": false,\r\n      \"hideIfEmpty\": true,\r\n      \"data\": \"[Instruction_Jurisdiction]\"\r\n    }\r\n  ],\r\n  \"reloadOnEvents\": [\r\n    {\r\n      \"name\": \"sharedo.core.case.keyfacts.updated\",\r\n      \"idField\": null\r\n    },\r\n    {\r\n      \"name\": \"sharedo.legal.updated\",\r\n      \"idField\": null\r\n    },\r\n    {\r\n      \"name\": \"sharedo.core.case.forms.phase.phase-changed\",\r\n      \"idField\": null\r\n    },\r\n    {\r\n      \"name\": \"sharedo.core.case.sharedo-updated\",\r\n      \"idField\": \"id\"\r\n    }\r\n  ]\r\n}",
      "RequirePermissionType": "None",
      "RequirePermission": null,
      "RequireFeatureType": "None",
      "RequireFeature": null,
      "RequirePhaseList": null,
      "RequirePersonaList": null,
      "MustBeTypesList": null,
      "MustNotBeTypesList": null,
      "MustBeSubTypesList": null,
      "MustNotBeSubTypesList": null
    },
    {
      "Id": "2fadccf9-6788-478e-a12e-b11b00fedff5",
      "PortalPageId": "52f60e3d-23b3-4dc1-b513-b11b00fedff5",
      "DisplayOrder": 2,
      "Zone": "top",
      "Widget": "Sharedo.Core.Case.ListViews.ListViewWidget",
      "WithChrome": true,
      "Title": "Worklist",
      "Icon": null,
      "ConfigurationJson": "{\r\n  \"allowBulkActions\": true,\r\n  \"allowBulkAssign\": true,\r\n  \"listView\": {\r\n    \"scope\": \"core-case-worklist-mine\"\r\n  }\r\n}",
      "RequirePermissionType": null,
      "RequirePermission": null,
      "RequireFeatureType": "None",
      "RequireFeature": null,
      "RequirePhaseList": null,
      "RequirePersonaList": null,
      "MustBeTypesList": null,
      "MustNotBeTypesList": null,
      "MustBeSubTypesList": null,
      "MustNotBeSubTypesList": null
    },
    {
      "Id": "a8244da3-143f-41d3-a203-b11b00fedff5",
      "PortalPageId": "e018cb9f-1c05-4862-ae76-b11b00fedff5",
      "DisplayOrder": 2,
      "Zone": "top",
      "Widget": "Sharedo.Core.Case.ListViews.ListViewWidget",
      "WithChrome": true,
      "Title": "Worklist",
      "Icon": null,
      "ConfigurationJson": "{\r\n  \"allowBulkActions\": true,\r\n  \"allowBulkAssign\": true,\r\n  \"listView\": {\r\n    \"scope\": \"core-case-worklist-closed\"\r\n  }\r\n}",
      "RequirePermissionType": null,
      "RequirePermission": null,
      "RequireFeatureType": "None",
      "RequireFeature": null,
      "RequirePhaseList": null,
      "RequirePersonaList": null,
      "MustBeTypesList": null,
      "MustNotBeTypesList": null,
      "MustBeSubTypesList": null,
      "MustNotBeSubTypesList": null
    },
    {
      "Id": "728fb3aa-2261-4de7-a5a9-b11b00fedff5",
      "PortalPageId": "eaf67b1d-8645-4053-8d00-b11b00fedff5",
      "DisplayOrder": 2,
      "Zone": "top",
      "Widget": "Sharedo.Core.Case.Widgets.DataRoomFiles",
      "WithChrome": true,
      "Title": "Data rooms",
      "Icon": "fa-files-o",
      "ConfigurationJson": "{\r\n  \"noRoomsMessage\": null,\r\n  \"noFilesMessage\": null,\r\n  \"maxRooms\": 50,\r\n  \"allowIncludeClosed\": false\r\n}",
      "RequirePermissionType": null,
      "RequirePermission": null,
      "RequireFeatureType": "None",
      "RequireFeature": null,
      "RequirePhaseList": null,
      "RequirePersonaList": null,
      "MustBeTypesList": null,
      "MustNotBeTypesList": null,
      "MustBeSubTypesList": null,
      "MustNotBeSubTypesList": null
    },
    {
      "Id": "1e9ee2aa-b458-445c-a623-b11b00fedff5",
      "PortalPageId": "8b9f43d1-ab62-4580-b73f-b11b00fedff5",
      "DisplayOrder": 1,
      "Zone": "top",
      "Widget": "Sharedo.Core.Case.ListViews.ListViewWidget",
      "WithChrome": true,
      "Title": "Audit Log",
      "Icon": null,
      "ConfigurationJson": "{\r\n  \"listView\": {\r\n    \"scope\": \"core-audit-entries-sharedos\"\r\n  }\r\n}",
      "RequirePermissionType": null,
      "RequirePermission": null,
      "RequireFeatureType": "None",
      "RequireFeature": null,
      "RequirePhaseList": null,
      "RequirePersonaList": null,
      "MustBeTypesList": null,
      "MustNotBeTypesList": null,
      "MustBeSubTypesList": null,
      "MustNotBeSubTypesList": null
    },
    {
      "Id": "1098c646-091b-4607-a689-b11b00fedff5",
      "PortalPageId": "b115a942-cdb9-46ed-a90d-b11b00fedff5",
      "DisplayOrder": 4,
      "Zone": "right",
      "Widget": "Sharedo.Core.Legal.Widgets.DraftingPlan_V2",
      "WithChrome": true,
      "Title": "Drafting Plan",
      "Icon": "fa-file-o",
      "ConfigurationJson": "{\r\n  \"listViewScope\": \"core-case-drafting-plan\"\r\n}",
      "RequirePermissionType": "None",
      "RequirePermission": null,
      "RequireFeatureType": "None",
      "RequireFeature": null,
      "RequirePhaseList": null,
      "RequirePersonaList": null,
      "MustBeTypesList": null,
      "MustNotBeTypesList": null,
      "MustBeSubTypesList": null,
      "MustNotBeSubTypesList": null
    },
    {
      "Id": "c2d7cbcc-ec21-4eaf-a6d8-b11b00fedff5",
      "PortalPageId": "e9de561f-5405-4c8b-8aa5-b11b00fedff5",
      "DisplayOrder": 1,
      "Zone": "centre-top",
      "Widget": "Sharedo.Core.Case.Wiki.EditorWidget",
      "WithChrome": true,
      "Title": "Wiki",
      "Icon": "fa-file-o",
      "ConfigurationJson": "{\r\n  \"wikiIdentifier\": \"matter-wiki\",\r\n  \"showSectionTitles\": true,\r\n  \"allowMultipleSections\": true,\r\n  \"contentTargetting\": {\r\n    \"enabled\": false,\r\n    \"searchScope\": null,\r\n    \"label\": null,\r\n    \"findClosestAncestor\": null,\r\n    \"linkAction\": \"View\"\r\n  },\r\n  \"defaultContentSections\": []\r\n}",
      "RequirePermissionType": null,
      "RequirePermission": null,
      "RequireFeatureType": "None",
      "RequireFeature": null,
      "RequirePhaseList": null,
      "RequirePersonaList": null,
      "MustBeTypesList": null,
      "MustNotBeTypesList": null,
      "MustBeSubTypesList": null,
      "MustNotBeSubTypesList": null
    },
    {
      "Id": "7d11f692-0cde-48cc-a755-b11b00fedff5",
      "PortalPageId": "773e836a-866c-4e0e-a728-b11b00fedff5",
      "DisplayOrder": 1,
      "Zone": "right-1",
      "Widget": "Sharedo.Core.Case.Fees.CommercialModelContainer",
      "WithChrome": false,
      "Title": "",
      "Icon": "",
      "ConfigurationJson": "{\r\n  \"withChrome\": true,\r\n  \"isExpanded\": true,\r\n  \"canExpandCollapse\": false,\r\n  \"showActuals\": true,\r\n  \"showMenu\": true,\r\n  \"containerIdPrefix\": \"FeeGroupActuals_\"\r\n}",
      "RequirePermissionType": null,
      "RequirePermission": null,
      "RequireFeatureType": "None",
      "RequireFeature": null,
      "RequirePhaseList": null,
      "RequirePersonaList": null,
      "MustBeTypesList": null,
      "MustNotBeTypesList": null,
      "MustBeSubTypesList": null,
      "MustNotBeSubTypesList": null
    },
    {
      "Id": "2caadd80-d17c-422a-a816-b11b00fedff5",
      "PortalPageId": "179d0852-0767-4193-be88-b11b00fedff5",
      "DisplayOrder": 1,
      "Zone": "top",
      "Widget": "Sharedo.Core.Case.Widgets.Comments",
      "WithChrome": true,
      "Title": "Pinned Comments",
      "Icon": "fa-map-pin",
      "ConfigurationJson": "{\r\n  \"readOnly\": true,\r\n  \"commentsPerPage\": 2,\r\n  \"commentsAscending\": false,\r\n  \"showDescendantsComments\": true,\r\n  \"hideWidgetIfCommentsEmpty\": true,\r\n  \"hidePagingWhenNoAction\": true,\r\n  \"prefixRegardingWithWorkType\": true,\r\n  \"filters\": {\r\n    \"showWidgetMenuFilters\": false,\r\n    \"isPinned\": true,\r\n    \"bySharedoVisible\": false,\r\n    \"bySharedoLabel\": \"Filter by work item\",\r\n    \"excludeTypes\": []\r\n  }\r\n}",
      "RequirePermissionType": null,
      "RequirePermission": null,
      "RequireFeatureType": "None",
      "RequireFeature": null,
      "RequirePhaseList": null,
      "RequirePersonaList": null,
      "MustBeTypesList": null,
      "MustNotBeTypesList": null,
      "MustBeSubTypesList": null,
      "MustNotBeSubTypesList": null
    },
    {
      "Id": "2ef6cc03-3ad9-4a68-ab2a-b11b00fedff5",
      "PortalPageId": "b115a942-cdb9-46ed-a90d-b11b00fedff5",
      "DisplayOrder": 3,
      "Zone": "middle-top",
      "Widget": "Sharedo.Core.Case.Participants.ParticipantSummary",
      "WithChrome": true,
      "Title": "Client",
      "Icon": "fa-user",
      "ConfigurationJson": "{\r\n  \"containerId\": \"client-payment-summary\",\r\n  \"roleSystemNames\": [\r\n    \"client\"\r\n  ]\r\n}",
      "RequirePermissionType": "None",
      "RequirePermission": null,
      "RequireFeatureType": "None",
      "RequireFeature": null,
      "RequirePhaseList": null,
      "RequirePersonaList": null,
      "MustBeTypesList": null,
      "MustNotBeTypesList": null,
      "MustBeSubTypesList": null,
      "MustNotBeSubTypesList": null
    },
    {
      "Id": "6fb1e2ce-61d9-4b60-ae6b-b11b00fedff5",
      "PortalPageId": "263d25e2-6e8f-439c-bff7-b11b00fedff5",
      "DisplayOrder": 1,
      "Zone": "top",
      "Widget": "Sharedo.Core.Case.ListViews.ListViewWidget",
      "WithChrome": true,
      "Title": "Emails - Sent",
      "Icon": null,
      "ConfigurationJson": "{\r\n  \"allowBulkActions\": true,\r\n  \"allowBulkAssign\": true,\r\n  \"customMenuContext\": \"\",\r\n  \"customMenuTitle\": \"\",\r\n  \"listView\": {\r\n    \"scope\": \"core-case-worklist-emails-outbound\"\r\n  }\r\n}",
      "RequirePermissionType": null,
      "RequirePermission": null,
      "RequireFeatureType": "None",
      "RequireFeature": null,
      "RequirePhaseList": null,
      "RequirePersonaList": null,
      "MustBeTypesList": null,
      "MustNotBeTypesList": null,
      "MustBeSubTypesList": null,
      "MustNotBeSubTypesList": null
    },
    {
      "Id": "ac280d25-9b71-4a29-af47-b11b00fedff5",
      "PortalPageId": "b115a942-cdb9-46ed-a90d-b11b00fedff5",
      "DisplayOrder": 2,
      "Zone": "middle-top",
      "Widget": "Sharedo.Core.Case.Widgets.Comments",
      "WithChrome": true,
      "Title": "Pinned Comments",
      "Icon": "fa-comments",
      "ConfigurationJson": "{\r\n  \"readOnly\": true,\r\n  \"commentsPerPage\": 2,\r\n  \"commentsAscending\": false,\r\n  \"showDescendantsComments\": true,\r\n  \"hideWidgetIfCommentsEmpty\": true,\r\n  \"hidePagingWhenNoAction\": true,\r\n  \"filters\": {\r\n    \"showWidgetMenuFilters\": false,\r\n    \"isPinned\": true\r\n  }\r\n}",
      "RequirePermissionType": "None",
      "RequirePermission": null,
      "RequireFeatureType": "None",
      "RequireFeature": null,
      "RequirePhaseList": null,
      "RequirePersonaList": null,
      "MustBeTypesList": null,
      "MustNotBeTypesList": null,
      "MustBeSubTypesList": null,
      "MustNotBeSubTypesList": null
    },
    {
      "Id": "5fa12804-de97-4e31-af87-b11b00fedff5",
      "PortalPageId": "179d0852-0767-4193-be88-b11b00fedff5",
      "DisplayOrder": 2,
      "Zone": "top",
      "Widget": "Sharedo.Core.Case.Widgets.Comments",
      "WithChrome": true,
      "Title": "Comments",
      "Icon": "fa-comments-o",
      "ConfigurationJson": "{\r\n  \"readOnly\": false,\r\n  \"commentsPerPage\": 5,\r\n  \"commentsAscending\": true,\r\n  \"showDescendantsComments\": true,\r\n  \"hideWidgetIfCommentsEmpty\": false,\r\n  \"hidePagingWhenNoAction\": false,\r\n  \"prefixRegardingWithWorkType\": true,\r\n  \"filters\": {\r\n    \"showWidgetMenuFilters\": true,\r\n    \"isPinned\": false,\r\n    \"bySharedoVisible\": false,\r\n    \"bySharedoLabel\": \"Filter by work item\",\r\n    \"excludeTypes\": []\r\n  }\r\n}",
      "RequirePermissionType": null,
      "RequirePermission": null,
      "RequireFeatureType": "None",
      "RequireFeature": null,
      "RequirePhaseList": null,
      "RequirePersonaList": null,
      "MustBeTypesList": null,
      "MustNotBeTypesList": null,
      "MustBeSubTypesList": null,
      "MustNotBeSubTypesList": null
    },
    {
      "Id": "26eeed31-bc67-44f3-b14a-b11b00fedff5",
      "PortalPageId": "af564f09-c74b-4f89-bfdd-b11b00fedff5",
      "DisplayOrder": 1,
      "Zone": "top",
      "Widget": "Sharedo.Core.Legal.Widgets.SharedoTimeEntryRadar",
      "WithChrome": false,
      "Title": "Time Entries",
      "Icon": null,
      "ConfigurationJson": "{}",
      "RequirePermissionType": null,
      "RequirePermission": null,
      "RequireFeatureType": "None",
      "RequireFeature": null,
      "RequirePhaseList": null,
      "RequirePersonaList": null,
      "MustBeTypesList": null,
      "MustNotBeTypesList": null,
      "MustBeSubTypesList": null,
      "MustNotBeSubTypesList": null
    },
    {
      "Id": "abb308c7-59be-4fce-b459-b11b00fedff5",
      "PortalPageId": "273d4688-38b6-4d22-a991-b11b00fedff5",
      "DisplayOrder": 2,
      "Zone": "right-1",
      "Widget": "Sharedo.Core.Case.Chronology.Container",
      "WithChrome": true,
      "Title": "SCORECARD CHRONOLOGY",
      "Icon": null,
      "ConfigurationJson": "{\r\n  \"poi\": [\r\n    \"scorecard-update\"\r\n  ],\r\n  \"listTitle\": \"Scorecard\",\r\n  \"hidePoiFacet\": true\r\n}",
      "RequirePermissionType": null,
      "RequirePermission": null,
      "RequireFeatureType": "None",
      "RequireFeature": null,
      "RequirePhaseList": null,
      "RequirePersonaList": null,
      "MustBeTypesList": null,
      "MustNotBeTypesList": null,
      "MustBeSubTypesList": null,
      "MustNotBeSubTypesList": null
    },
    {
      "Id": "2282731a-eafa-4e48-b49c-b11b00fedff5",
      "PortalPageId": "273d4688-38b6-4d22-a991-b11b00fedff5",
      "DisplayOrder": 1,
      "Zone": "left-1",
      "Widget": "Sharedo.Core.Case.Widgets.Scorecards.Summary",
      "WithChrome": true,
      "Title": "SCORECARD",
      "Icon": null,
      "ConfigurationJson": "{\r\n  \"breadcrumbCharLimit\": 18,\r\n  \"chartColours\": [\r\n    \"#F39100\"\r\n    /* Orange */,\r\n    \"#E1326B\"\r\n    /* Pink*/,\r\n    \"#5BC5F2\"\r\n    /* Light Blue*/,\r\n    \"#711F7E\"\r\n    /* Purple*/,\r\n    \"#CAD100\"\r\n    /* Light Green*/,\r\n    \"#CD0510\"\r\n    /* Red*/,\r\n    \"#FEC600\"\r\n    /* Yellow*/,\r\n    \"#2F912D\"\r\n    /* Green*/\r\n  ]\r\n}",
      "RequirePermissionType": null,
      "RequirePermission": null,
      "RequireFeatureType": "None",
      "RequireFeature": null,
      "RequirePhaseList": null,
      "RequirePersonaList": null,
      "MustBeTypesList": null,
      "MustNotBeTypesList": null,
      "MustBeSubTypesList": null,
      "MustNotBeSubTypesList": null
    },
    {
      "Id": "7739b69f-19bc-4cae-b507-b11b00fedff5",
      "PortalPageId": "1f43899a-3285-474b-a548-b11b00fedff5",
      "DisplayOrder": 1,
      "Zone": "top",
      "Widget": "Sharedo.Core.Case.Chronology.Container",
      "WithChrome": true,
      "Title": "Matter Chronology",
      "Icon": null,
      "ConfigurationJson": "{\r\n  \"showFilters\": true,\r\n  \"hideTimeFocusFacet\": false,\r\n  \"hideConversationsFacet\": false,\r\n  \"hideTagsFacet\": false,\r\n  \"hidePoiFacet\": false,\r\n  \"displayAllPoi\": false,\r\n  \"poiRestrictedTo\": [\r\n    \"aml-id-verification-result\",\r\n    \"milestone\",\r\n    \"type-change\",\r\n    \"comment\",\r\n    \"comp-search\",\r\n    \"docgen\",\r\n    \"document-delete\",\r\n    \"document-expectation\",\r\n    \"document-filing\",\r\n    \"document-upload\",\r\n    \"electronic-signature\",\r\n    \"emails\",\r\n    \"email-upload\",\r\n    \"fax\",\r\n    \"form-field-update\",\r\n    \"invoice\",\r\n    \"participant-role-update\",\r\n    \"payment\",\r\n    \"scorecard-update\",\r\n    \"sms\",\r\n    \"task-milestone\",\r\n    \"telephone-call\",\r\n    \"budget-transaction\",\r\n    \"budget-lifecycle-event\",\r\n    \"workitem-merge\"\r\n  ],\r\n  \"includeChildren\": true,\r\n  \"timeFocus\": {\r\n    \"showTimeSliceControl\": true,\r\n    \"showDateRangeControl\": false\r\n  }\r\n}",
      "RequirePermissionType": null,
      "RequirePermission": null,
      "RequireFeatureType": "None",
      "RequireFeature": null,
      "RequirePhaseList": null,
      "RequirePersonaList": null,
      "MustBeTypesList": null,
      "MustNotBeTypesList": null,
      "MustBeSubTypesList": null,
      "MustNotBeSubTypesList": null
    },
    {
      "Id": "e534c506-3cf2-4a11-b561-b11b00fedff5",
      "PortalPageId": "ce9a2422-ceff-4ab8-a9c4-b11b00fedff5",
      "DisplayOrder": 1,
      "Zone": "left-1",
      "Widget": "Sharedo.Core.Legal.Widgets.FinanceSummary",
      "WithChrome": true,
      "Title": "Financial Summary",
      "Icon": "fa-list",
      "ConfigurationJson": "{}",
      "RequirePermissionType": null,
      "RequirePermission": null,
      "RequireFeatureType": "None",
      "RequireFeature": null,
      "RequirePhaseList": null,
      "RequirePersonaList": null,
      "MustBeTypesList": null,
      "MustNotBeTypesList": null,
      "MustBeSubTypesList": null,
      "MustNotBeSubTypesList": null
    },
    {
      "Id": "a3474caf-badf-49b0-b587-b11b00fedff5",
      "PortalPageId": "eaf67b1d-8645-4053-8d00-b11b00fedff5",
      "DisplayOrder": 1,
      "Zone": "top",
      "Widget": "Sharedo.Core.Case.Widgets.RepositoryExplorer",
      "WithChrome": true,
      "Title": "DMS documents",
      "Icon": null,
      "ConfigurationJson": "{\r\n  \"context\": \"sharedo\",\r\n  \"repository\": [],\r\n  \"loadSharedoRepositories\": true,\r\n  \"linkTo\": \"native\",\r\n  \"pageSize\": 25,\r\n  \"allowSearch\": true,\r\n  \"allowApprovals\": true\r\n}",
      "RequirePermissionType": null,
      "RequirePermission": null,
      "RequireFeatureType": "None",
      "RequireFeature": null,
      "RequirePhaseList": null,
      "RequirePersonaList": null,
      "MustBeTypesList": null,
      "MustNotBeTypesList": null,
      "MustBeSubTypesList": null,
      "MustNotBeSubTypesList": null
    },
    {
      "Id": "647715c3-b72c-4adf-b79e-b11b00fedff5",
      "PortalPageId": "9775274a-0af1-4cc4-b823-b11b00fedff5",
      "DisplayOrder": 1,
      "Zone": "top",
      "Widget": "Sharedo.Core.Legal.Widgets.MatterRadar_v2",
      "WithChrome": false,
      "Title": null,
      "Icon": null,
      "ConfigurationJson": "{}",
      "RequirePermissionType": null,
      "RequirePermission": null,
      "RequireFeatureType": "None",
      "RequireFeature": null,
      "RequirePhaseList": null,
      "RequirePersonaList": null,
      "MustBeTypesList": null,
      "MustNotBeTypesList": null,
      "MustBeSubTypesList": null,
      "MustNotBeSubTypesList": null
    },
    {
      "Id": "82c2d33f-5793-4bd2-b875-b11b00fedff5",
      "PortalPageId": "e9de561f-5405-4c8b-8aa5-b11b00fedff5",
      "DisplayOrder": 1,
      "Zone": "right",
      "Widget": "Sharedo.Core.Case.Sharedo.KeyFacts",
      "WithChrome": true,
      "Title": "Case Key Facts",
      "Icon": "fa-list",
      "ConfigurationJson": "{}",
      "RequirePermissionType": null,
      "RequirePermission": null,
      "RequireFeatureType": "None",
      "RequireFeature": null,
      "RequirePhaseList": null,
      "RequirePersonaList": null,
      "MustBeTypesList": null,
      "MustNotBeTypesList": null,
      "MustBeSubTypesList": null,
      "MustNotBeSubTypesList": null
    },
    {
      "Id": "24a007a6-8562-4a99-b925-b11b00fedff5",
      "PortalPageId": "1539fe61-ad6d-4d52-8c23-b11b00fedff5",
      "DisplayOrder": 2,
      "Zone": "top",
      "Widget": "Sharedo.Core.Case.ListViews.ListViewWidget",
      "WithChrome": true,
      "Title": "Payment Requests",
      "Icon": null,
      "ConfigurationJson": "{\r\n  \"allowBulkActions\": true,\r\n  \"allowBulkAssign\": true,\r\n  \"customMenuContext\": \"payment-request-actions-context\",\r\n  \"customMenuTitle\": \"Create\",\r\n  \"listView\": {\r\n    \"scope\": \"core-case-payments\"\r\n  }\r\n}",
      "RequirePermissionType": null,
      "RequirePermission": null,
      "RequireFeatureType": "None",
      "RequireFeature": null,
      "RequirePhaseList": null,
      "RequirePersonaList": null,
      "MustBeTypesList": null,
      "MustNotBeTypesList": null,
      "MustBeSubTypesList": null,
      "MustNotBeSubTypesList": null
    },
    {
      "Id": "d1a1de60-1e38-4a6f-badd-b11b00fedff5",
      "PortalPageId": "bdfdb8bf-10c3-49b0-a49c-b11b00fedff5",
      "DisplayOrder": 1,
      "Zone": "top",
      "Widget": "Sharedo.Core.Case.ListViews.ListViewWidget",
      "WithChrome": true,
      "Title": "Active Processes",
      "Icon": null,
      "ConfigurationJson": "{\r\n  \"allowBulkActions\": true,\r\n  \"allowBulkAssign\": false,\r\n  \"allowBulkTransition\": false,\r\n  \"listView\": {\r\n    \"scope\": \"core-admin-active-processes\"\r\n  }\r\n}",
      "RequirePermissionType": null,
      "RequirePermission": null,
      "RequireFeatureType": "None",
      "RequireFeature": null,
      "RequirePhaseList": null,
      "RequirePersonaList": null,
      "MustBeTypesList": null,
      "MustNotBeTypesList": null,
      "MustBeSubTypesList": null,
      "MustNotBeSubTypesList": null
    },
    {
      "Id": "820238d6-e195-49e9-bc32-b11b00fedff5",
      "PortalPageId": "273d4688-38b6-4d22-a991-b11b00fedff5",
      "DisplayOrder": 2,
      "Zone": "left-1",
      "Widget": "Sharedo.Core.Case.ListViews.ListViewWidget",
      "WithChrome": true,
      "Title": "UPCOMING ASSESSMENTS",
      "Icon": null,
      "ConfigurationJson": "{\r\n  \"allowBulkActions\": true,\r\n  \"allowBulkAssign\": true,\r\n  \"listView\": {\r\n    \"scope\": \"core-case-upcoming-assessments\"\r\n  }\r\n}",
      "RequirePermissionType": null,
      "RequirePermission": null,
      "RequireFeatureType": "None",
      "RequireFeature": null,
      "RequirePhaseList": null,
      "RequirePersonaList": null,
      "MustBeTypesList": null,
      "MustNotBeTypesList": null,
      "MustBeSubTypesList": null,
      "MustNotBeSubTypesList": null
    },
    {
      "Id": "26234428-2320-4b62-bc34-b11b00fedff5",
      "PortalPageId": "b115a942-cdb9-46ed-a90d-b11b00fedff5",
      "DisplayOrder": 2,
      "Zone": "left-top",
      "Widget": "Sharedo.Core.Legal.Widgets.FinanceSummary",
      "WithChrome": true,
      "Title": "Financial Summary",
      "Icon": "fa-list",
      "ConfigurationJson": "{}",
      "RequirePermissionType": "None",
      "RequirePermission": null,
      "RequireFeatureType": "None",
      "RequireFeature": null,
      "RequirePhaseList": null,
      "RequirePersonaList": null,
      "MustBeTypesList": null,
      "MustNotBeTypesList": null,
      "MustBeSubTypesList": null,
      "MustNotBeSubTypesList": null
    },
    {
      "Id": "49de8bd6-6e25-43b6-bd5e-b11b00fedff5",
      "PortalPageId": "af564f09-c74b-4f89-bfdd-b11b00fedff5",
      "DisplayOrder": 2,
      "Zone": "top",
      "Widget": "Sharedo.Core.Case.Aspects.Widgets.DeliveryCostStructureNav",
      "WithChrome": true,
      "Title": "Delivery Cost Structures",
      "Icon": "fa-line-chart",
      "ConfigurationJson": "{}",
      "RequirePermissionType": null,
      "RequirePermission": null,
      "RequireFeatureType": "None",
      "RequireFeature": null,
      "RequirePhaseList": null,
      "RequirePersonaList": null,
      "MustBeTypesList": null,
      "MustNotBeTypesList": null,
      "MustBeSubTypesList": null,
      "MustNotBeSubTypesList": null
    },
    {
      "Id": "f1c1987b-be86-4a9e-be63-b11b00fedff5",
      "PortalPageId": "033d2352-44ba-4742-9246-b11b00fedff5",
      "DisplayOrder": 1,
      "Zone": "top",
      "Widget": "Sharedo.Core.Case.ListViews.ListViewWidget",
      "WithChrome": true,
      "Title": "Emails - Inbox",
      "Icon": null,
      "ConfigurationJson": "{\r\n  \"allowBulkActions\": true,\r\n  \"allowBulkAssign\": true,\r\n  \"customMenuContext\": \"\",\r\n  \"customMenuTitle\": \"\",\r\n  \"listView\": {\r\n    \"scope\": \"core-case-worklist-emails-inbound\"\r\n  }\r\n}",
      "RequirePermissionType": null,
      "RequirePermission": null,
      "RequireFeatureType": "None",
      "RequireFeature": null,
      "RequirePhaseList": null,
      "RequirePersonaList": null,
      "MustBeTypesList": null,
      "MustNotBeTypesList": null,
      "MustBeSubTypesList": null,
      "MustNotBeSubTypesList": null
    },
    {
      "Id": "8262b2b5-74eb-44cb-ad76-b11b00fef898",
      "PortalPageId": "b115a942-cdb9-46ed-a90d-b11b00fedff5",
      "DisplayOrder": 3,
      "Zone": "top",
      "Widget": "Sharedo.Core.Case.ListViews.ListViewWidget",
      "WithChrome": true,
      "Title": "Active Processes",
      "Icon": null,
      "ConfigurationJson": "{\r\n  \"allowBulkActions\": true,\r\n  \"allowBulkAssign\": false,\r\n  \"allowBulkTransition\": false,\r\n  \"listView\": {\r\n    \"scope\": \"core-admin-active-processes\"\r\n  }\r\n}",
      "RequirePermissionType": "None",
      "RequirePermission": null,
      "RequireFeatureType": "None",
      "RequireFeature": null,
      "RequirePhaseList": null,
      "RequirePersonaList": null,
      "MustBeTypesList": null,
      "MustNotBeTypesList": null,
      "MustBeSubTypesList": null,
      "MustNotBeSubTypesList": null
    },
    {
      "Id": "64e3a511-cef8-4c79-bbe3-b11b00ff0a6b",
      "PortalPageId": "b115a942-cdb9-46ed-a90d-b11b00fedff5",
      "DisplayOrder": 2,
      "Zone": "top",
      "Widget": "Sharedo.Core.Case.ListViews.ListViewWidget",
      "WithChrome": true,
      "Title": "Worklist",
      "Icon": null,
      "ConfigurationJson": "{\r\n  \"allowBulkActions\": true,\r\n  \"allowBulkAssign\": true,\r\n  \"customMenuContext\": \"payment-request-actions-context\",\r\n  \"customMenuTitle\": \"Create\",\r\n  \"listView\": {\r\n    \"scope\": \"core-case-worklist-all\"\r\n  }\r\n}",
      "RequirePermissionType": "None",
      "RequirePermission": null,
      "RequireFeatureType": "None",
      "RequireFeature": null,
      "RequirePhaseList": null,
      "RequirePersonaList": null,
      "MustBeTypesList": null,
      "MustNotBeTypesList": null,
      "MustBeSubTypesList": null,
      "MustNotBeSubTypesList": null
    },
    {
      "Id": "e32ac775-dc40-4681-9c97-b11b0102ed89",
      "PortalPageId": "b115a942-cdb9-46ed-a90d-b11b00fedff5",
      "DisplayOrder": 1,
      "Zone": "right",
      "Widget": "Demo01.RiskWidget",
      "WithChrome": true,
      "Title": "Demo 01 - Risk",
      "Icon": null,
      "ConfigurationJson": "{\n    \"todoMessage\": \"Customisable message goes here\"\n}",
      "RequirePermissionType": "None",
      "RequirePermission": null,
      "RequireFeatureType": "None",
      "RequireFeature": null,
      "RequirePhaseList": null,
      "RequirePersonaList": null,
      "MustBeTypesList": null,
      "MustNotBeTypesList": null,
      "MustBeSubTypesList": null,
      "MustNotBeSubTypesList": null
    },
    {
      "Id": "c133d51a-b414-44a5-990d-b11c00c0aaae",
      "PortalPageId": "b115a942-cdb9-46ed-a90d-b11b00fedff5",
      "DisplayOrder": 1,
      "Zone": "middle-top",
      "Widget": "Demo01.PMSWidget",
      "WithChrome": true,
      "Title": "Demo 01 - PMS Information",
      "Icon": null,
      "ConfigurationJson": "{}",
      "RequirePermissionType": "None",
      "RequirePermission": null,
      "RequireFeatureType": "None",
      "RequireFeature": null,
      "RequirePhaseList": null,
      "RequirePersonaList": null,
      "MustBeTypesList": null,
      "MustNotBeTypesList": null,
      "MustBeSubTypesList": null,
      "MustNotBeSubTypesList": null
    }
  ]
}