{
  "Scope": {
    "SystemName": "duplicate-search-client",
    "Type": "Process",
    "IsSystem": false,
    "Enabled": true,
    "Name": "Duplicate search (Private Client)",
    "Description": "Performs a duplicate search to ensure this instruction hasn't already been created.",
    "IconClass": null,
    "IconExtraStyles": null,
    "AddToQuickSearchScopes": false,
    "QuickSearchScopeTitle": null,
    "QuickSearchScopePriority": null,
    "AddToQuickSearchNav": false,
    "QuickSearchNavTitle": null,
    "QuickSearchNavPriority": null,
    "AddToLaunchPad": false,
    "LaunchPadTitle": null,
    "LaunchPadPriority": null,
    "AddToParticipantsMenu": true,
    "ParticipantsMenuTitle": "Duplicate search (Private Client)",
    "ParticipantsMenuPriority": 3000,
    "RequirePermission": null,
    "ExternalSearchUrl": null,
    "ExternalSearchUrlQueryParameter": null,
    "ExternalSearchContextIdQueryParameter": null,
    "ProcessTaskType": "task-search-duplicate",
    "ProcessExecuteSearchPhase": "task-search-execute",
    "ProcessFailedSearchPhase": "task-search-error",
    "ProcessHasResultsPhase": "task-search-review",
    "ProcessNoResultsPhase": "task-search-passed",
    "ProcessTransitionToExecuteOnStart": true,
    "ProcessAssignToInitiator": null,
    "ProcessAssignToRoles": null,
    "ProcessRecordChronology": null,
    "ProcessRecordChronologyParent": null,
    "ProcessRowLimit": null,
    "Provider": "core-duplicate-search",
    "ProviderResultRendering": "standard-can-link",
    "ProviderConfigJson": "{\r\n\t\"sharedoTypePaths\": [\r\n\t\t\"/matter/\",\r\n\t\t\"/instruction/\"\r\n\t],\r\n\t\"role\": \"Client\",\r\n\t\"resultLimit\": 25,\r\n\t\"matches\": {\r\n\t\t\"orgName\": true,\r\n\t\t\"surname\": true,\r\n\t\t\"initial\": true,\r\n\t\t\"addressLine1\": true,\r\n\t\t\"postCode\": true,\r\n\t\t\"dob\": false,\r\n\t\t\"nationalInsuranceNumber\": false,\r\n\t\t\"telephoneNumber\": false,\r\n\t\t\"email\": true,\r\n\t\t\"keyDate\" : true,\r\n\t\t\"keyDateMatch\" : {\r\n\t\t\t\"type\": \"kd-instruction-date\",\r\n\t\t\t\"tolerance\": 5\r\n\t\t}\r\n\t},\r\n\t\"matchRule\": \"OR\"\r\n}",
    "AdvancedSearchAutoRun": false
  }
}