{
  "Scope": {
    "SystemName": "demo-documents-case",
    "Type": "External",
    "IsSystem": false,
    "Enabled": true,
    "Name": "Case documents",
    "Description": "Search all documents for this case externally on sharepoint",
    "IconClass": "fa-search",
    "IconExtraStyles": null,
    "AddToQuickSearchScopes": true,
    "QuickSearchScopeTitle": "Case documents",
    "QuickSearchScopePriority": 12000,
    "AddToQuickSearchNav": false,
    "QuickSearchNavTitle": null,
    "QuickSearchNavPriority": null,
    "AddToLaunchPad": false,
    "LaunchPadTitle": null,
    "LaunchPadPriority": null,
    "AddToParticipantsMenu": false,
    "ParticipantsMenuTitle": null,
    "ParticipantsMenuPriority": null,
    "RequirePermission": null,
    "ExternalSearchUrl": "/sharepointRedirector",
    "ExternalSearchUrlQueryParameter": "query",
    "ExternalSearchContextIdQueryParameter": "sharedoid",
    "ProcessTaskType": null,
    "ProcessExecuteSearchPhase": null,
    "ProcessFailedSearchPhase": null,
    "ProcessHasResultsPhase": null,
    "ProcessNoResultsPhase": null,
    "ProcessTransitionToExecuteOnStart": null,
    "ProcessAssignToInitiator": null,
    "ProcessAssignToRoles": null,
    "ProcessRecordChronology": null,
    "ProcessRecordChronologyParent": null,
    "ProcessRowLimit": null,
    "Provider": null,
    "ProviderResultRendering": null,
    "ProviderConfigJson": null,
    "AdvancedSearchAutoRun": false
  }
}