{
  "Scope": {
    "SystemName": "legal-tasks-for-case",
    "Type": "Quick",
    "IsSystem": false,
    "Enabled": true,
    "Name": "Case tasks",
    "Description": "Quick search scope for finding tasks, on active case",
    "IconClass": "fa-tasks",
    "IconExtraStyles": null,
    "AddToQuickSearchScopes": true,
    "QuickSearchScopeTitle": "Case tasks",
    "QuickSearchScopePriority": 8500,
    "AddToQuickSearchNav": false,
    "QuickSearchNavTitle": null,
    "QuickSearchNavPriority": null,
    "AddToLaunchPad": false,
    "LaunchPadTitle": null,
    "LaunchPadPriority": null,
    "AddToParticipantsMenu": false,
    "ParticipantsMenuTitle": null,
    "ParticipantsMenuPriority": null,
    "RequirePermission": null,
    "ExternalSearchUrl": null,
    "ExternalSearchUrlQueryParameter": null,
    "ExternalSearchContextIdQueryParameter": null,
    "ProcessTaskType": null,
    "ProcessExecuteSearchPhase": null,
    "ProcessFailedSearchPhase": null,
    "ProcessHasResultsPhase": null,
    "ProcessNoResultsPhase": null,
    "ProcessTransitionToExecuteOnStart": null,
    "ProcessAssignToInitiator": null,
    "ProcessAssignToRoles": null,
    "ProcessRecordChronology": null,
    "ProcessRecordChronologyParent": null,
    "ProcessRowLimit": null,
    "Provider": "sharedo-quick-elastic",
    "ProviderResultRendering": "simple",
    "ProviderConfigJson": "{\r\n\t\t\"maxRowsToReturn\": 10,\r\n\t\t\"useContext\": true,\r\n\t\t\"typePathsToSearch\": [\"/task/\"],\r\n\t\t\"include\": {\r\n\t\t\t\"open\": true,\r\n\t\t\t\"closed\": true,\r\n\t\t\t\"removed\": false\r\n\t\t},\r\n\t\t\"match\": {\r\n\t\t\t\"title\": true,\r\n\t\t\t\"reference\": false,\r\n\t\t\t\"description\": false\r\n\t\t},\r\n\t\t\"phraseMatching\": \"AllWords\",\r\n\t\t\"ancestorTypePathsToShowInResults\": [],\r\n\t\t\"maxAncestorsToShowInResults\": null,\r\n\t\t\"selectedItemIncludeBreadcrumbTypePaths\": [],\r\n\t\t\"maxBreadcrumbs\": null\r\n\t}",
    "AdvancedSearchAutoRun": false
  }
}