{
  "BaseSharedo": {
    "SystemName": "task-search-duplicate",
    "SystemNamePath": "/task/task-search/task-search-duplicate/",
    "ParentSystemName": "task-search",
    "SharedoTypeSchemaSystemName": "task",
    "Name": "Duplicate search",
    "ShortName": null,
    "Description": "Task controlling a case level duplicate search",
    "DefaultTitleTokenString": null,
    "IconClass": "fa-search",
    "TileColour": null,
    "CategoryOptionSetSystemName": null,
    "SharedoFormId": null,
    "CanEnableTimeEntry": true,
    "AllowsTimeEntry": true,
    "RequiresTimeEntry": false,
    "CanGenerateEmail": false,
    "RequiresHtmlSanitisation": false,
    "IsCoreCaseType": false,
    "EnableSecurityBarriers": false,
    "DefaultBillingCodeId": null,
    "GenerateBillingNotes": false,
    "BillingNotesGenerationTemplate": null,
    "TimeStartsOnBladeOpen": false,
    "TimeStopsOnBladeClose": false,
    "TimeRecordingBladeStackBehaviourId": null,
    "DefaultTimeCategory": null,
    "IsActive": true,
    "IsAbstract": false,
    "ViewCommand": null,
    "OpenCommand": null,
    "CreateCommand": null
  },
  "PhasePlan": null,
  "Phases": [],
  "PhaseTransitions": [],
  "Relationships": [],
  "WorkScheduling": {
    "SystemName": "task-search-duplicate",
    "TrackDuration": true,
    "ExpectedDurationSeconds": null,
    "WorkStartedTrigger": "work-created",
    "WorkStartedTriggerConfig": null,
    "WorkFinishedTrigger": "phase-entered",
    "WorkFinishedTriggerConfig": "{ \"isClosed\": true }",
    "WorkEstimationHandler": "configured-estimates",
    "WorkEstimationConfig": null,
    "UserCanEditSchedule": true,
    "DueDateLinkingBehaviour": "expected-end-optional"
  },
  "OldEnabledFeatures": [],
  "FeatureFrameworkEntries": [
    {
      "SystemName": "JumpToPhaseSharedoType",
      "SharedoTypeSystemName": "task-search-duplicate",
      "PhaseSystemName": null,
      "Enabled": true,
      "Configuration": null
    },
    {
      "SystemName": "SharedoTypePriority",
      "SharedoTypeSystemName": "task-search-duplicate",
      "PhaseSystemName": null,
      "Enabled": true,
      "Configuration": "{\"defaultPriorityId\":9001}"
    }
  ],
  "FeatureFlagEntries": [
    {
      "FlagSystemName": "chronology-milestone",
      "SharedoTypeSystemName": "task-search-duplicate",
      "PhaseSystemName": "task-search-error",
      "Enabled": true,
      "Configuration": null
    },
    {
      "FlagSystemName": "chronology-task-milestone",
      "SharedoTypeSystemName": "task-search-duplicate",
      "PhaseSystemName": "task-search-new",
      "Enabled": true,
      "Configuration": null
    },
    {
      "FlagSystemName": "chronology-task-milestone",
      "SharedoTypeSystemName": "task-search-duplicate",
      "PhaseSystemName": "task-search-execute",
      "Enabled": true,
      "Configuration": null
    },
    {
      "FlagSystemName": "chronology-task-milestone",
      "SharedoTypeSystemName": "task-search-duplicate",
      "PhaseSystemName": "task-search-review",
      "Enabled": true,
      "Configuration": null
    },
    {
      "FlagSystemName": "chronology-milestone",
      "SharedoTypeSystemName": "task-search-duplicate",
      "PhaseSystemName": "task-search-execute",
      "Enabled": true,
      "Configuration": null
    },
    {
      "FlagSystemName": "chronology-milestone",
      "SharedoTypeSystemName": "task-search-duplicate",
      "PhaseSystemName": "task-search-review",
      "Enabled": true,
      "Configuration": null
    },
    {
      "FlagSystemName": "chronology-milestone",
      "SharedoTypeSystemName": "task-search-duplicate",
      "PhaseSystemName": "task-search-passed",
      "Enabled": true,
      "Configuration": null
    },
    {
      "FlagSystemName": "chronology-task-milestone",
      "SharedoTypeSystemName": "task-search-duplicate",
      "PhaseSystemName": "task-search-failed",
      "Enabled": true,
      "Configuration": null
    },
    {
      "FlagSystemName": "chronology-task-milestone",
      "SharedoTypeSystemName": "task-search-duplicate",
      "PhaseSystemName": "task-search-deleted",
      "Enabled": true,
      "Configuration": null
    },
    {
      "FlagSystemName": "chronology-milestone",
      "SharedoTypeSystemName": "task-search-duplicate",
      "PhaseSystemName": "task-search-failed",
      "Enabled": true,
      "Configuration": null
    },
    {
      "FlagSystemName": "chronology-milestone",
      "SharedoTypeSystemName": "task-search-duplicate",
      "PhaseSystemName": "task-search-new",
      "Enabled": true,
      "Configuration": null
    },
    {
      "FlagSystemName": "chronology-task-milestone",
      "SharedoTypeSystemName": "task-search-duplicate",
      "PhaseSystemName": "task-search-passed",
      "Enabled": true,
      "Configuration": null
    },
    {
      "FlagSystemName": "chronology-milestone",
      "SharedoTypeSystemName": "task-search-duplicate",
      "PhaseSystemName": "task-search-investigation",
      "Enabled": true,
      "Configuration": null
    },
    {
      "FlagSystemName": "chronology-task-milestone",
      "SharedoTypeSystemName": "task-search-duplicate",
      "PhaseSystemName": "task-search-error",
      "Enabled": true,
      "Configuration": null
    },
    {
      "FlagSystemName": "chronology-milestone",
      "SharedoTypeSystemName": "task-search-duplicate",
      "PhaseSystemName": "task-search-deleted",
      "Enabled": true,
      "Configuration": null
    },
    {
      "FlagSystemName": "chronology-task-milestone",
      "SharedoTypeSystemName": "task-search-duplicate",
      "PhaseSystemName": "task-done",
      "Enabled": true,
      "Configuration": null
    },
    {
      "FlagSystemName": "chronology-task-milestone",
      "SharedoTypeSystemName": "task-search-duplicate",
      "PhaseSystemName": "task-search-investigation",
      "Enabled": true,
      "Configuration": null
    }
  ],
  "SharedoTypeRoles": [
    {
      "SharedoTypeSystemName": "task-search-duplicate",
      "ParticipantRoleSystemName": "contributor",
      "CanHaveMultiple": true,
      "IsBillable": false,
      "IsMandatory": false,
      "IsRecommended": false,
      "IsManuallyAssignable": true,
      "IsActive": true,
      "CanBeBulkAssigned": false,
      "CanChange": true,
      "CanBeOrdered": false,
      "IncludeInReports": false,
      "ManageAsACaseTeamRole": false,
      "IsSecurityTeamRole": true,
      "IsCounterpartyRole": false,
      "RepresentedByDefaultOrg": false
    },
    {
      "SharedoTypeSystemName": "task-search-duplicate",
      "ParticipantRoleSystemName": "owner",
      "CanHaveMultiple": true,
      "IsBillable": false,
      "IsMandatory": false,
      "IsRecommended": false,
      "IsManuallyAssignable": true,
      "IsActive": true,
      "CanBeBulkAssigned": false,
      "CanChange": true,
      "CanBeOrdered": false,
      "IncludeInReports": false,
      "ManageAsACaseTeamRole": false,
      "IsSecurityTeamRole": true,
      "IsCounterpartyRole": false,
      "RepresentedByDefaultOrg": false
    },
    {
      "SharedoTypeSystemName": "task-search-duplicate",
      "ParticipantRoleSystemName": "primary-owner",
      "CanHaveMultiple": false,
      "IsBillable": false,
      "IsMandatory": false,
      "IsRecommended": false,
      "IsManuallyAssignable": true,
      "IsActive": true,
      "CanBeBulkAssigned": true,
      "CanChange": true,
      "CanBeOrdered": false,
      "IncludeInReports": false,
      "ManageAsACaseTeamRole": false,
      "IsSecurityTeamRole": true,
      "IsCounterpartyRole": false,
      "RepresentedByDefaultOrg": false
    },
    {
      "SharedoTypeSystemName": "task-search-duplicate",
      "ParticipantRoleSystemName": "reader",
      "CanHaveMultiple": true,
      "IsBillable": false,
      "IsMandatory": false,
      "IsRecommended": false,
      "IsManuallyAssignable": true,
      "IsActive": true,
      "CanBeBulkAssigned": false,
      "CanChange": true,
      "CanBeOrdered": false,
      "IncludeInReports": false,
      "ManageAsACaseTeamRole": false,
      "IsSecurityTeamRole": true,
      "IsCounterpartyRole": false,
      "RepresentedByDefaultOrg": false
    }
  ],
  "RoleAssociations": [],
  "RoleSourcingRules": [],
  "RoleSourcingAncestorRestrictions": [],
  "RoleSourcingRoleRestrictions": [],
  "DataQualityRules": [],
  "Aspects": [
    {
      "SharedoTypeSystemName": "task-search-duplicate",
      "InheritedFromTypeSystemName": null,
      "Id": "1dee20f8-7555-47cf-a118-c50efb5a2063",
      "AspectDefinitionSystemName": "SharedoPriority",
      "Config": null,
      "WidgetConfig": "{\"withChrome\":false}",
      "ZoneName": "top",
      "DisplayPriority": 25,
      "ViewPermissionSystemName": null,
      "UpdatePermissionSystemName": null
    }
  ],
  "AspectStripingRules": [],
  "SharedoTypeRolePermissions": [
    {
      "SharedoTypeSystemName": "task-search-duplicate",
      "PermissionSystemName": "core.sharedo.participant.assign",
      "ParticipantRoleSystemName": "contributor",
      "PhaseSystemName": null,
      "UserOnly": false,
      "Id": "042fa578-eb55-4d20-a8fb-3a162d01329a"
    },
    {
      "SharedoTypeSystemName": "task-search-duplicate",
      "PermissionSystemName": "core.sharedo.audit",
      "ParticipantRoleSystemName": "contributor",
      "PhaseSystemName": null,
      "UserOnly": false,
      "Id": "f6fb00a3-d1b4-4cb3-9727-3dd18e157ea7"
    },
    {
      "SharedoTypeSystemName": "task-search-duplicate",
      "PermissionSystemName": "core.read",
      "ParticipantRoleSystemName": "contributor",
      "PhaseSystemName": null,
      "UserOnly": false,
      "Id": "ff9ff71c-2314-41a8-9e46-c292a3285be1"
    },
    {
      "SharedoTypeSystemName": "task-search-duplicate",
      "PermissionSystemName": "core.sharedo.participant.read",
      "ParticipantRoleSystemName": "contributor",
      "PhaseSystemName": null,
      "UserOnly": false,
      "Id": "377b30e7-992a-4e2e-823b-dc6ce3797205"
    },
    {
      "SharedoTypeSystemName": "task-search-duplicate",
      "PermissionSystemName": "core.sharedo.participant.read",
      "ParticipantRoleSystemName": "creator",
      "PhaseSystemName": null,
      "UserOnly": false,
      "Id": "0ea89aac-215e-4b57-a4c3-8f91cc575920"
    },
    {
      "SharedoTypeSystemName": "task-search-duplicate",
      "PermissionSystemName": "core.read",
      "ParticipantRoleSystemName": "creator",
      "PhaseSystemName": null,
      "UserOnly": false,
      "Id": "14445b63-393b-4f0c-8683-9c7cd9531634"
    },
    {
      "SharedoTypeSystemName": "task-search-duplicate",
      "PermissionSystemName": "core.read",
      "ParticipantRoleSystemName": "owner",
      "PhaseSystemName": null,
      "UserOnly": false,
      "Id": "3a9351a9-769f-4b82-85d8-0033f9b5fd43"
    },
    {
      "SharedoTypeSystemName": "task-search-duplicate",
      "PermissionSystemName": "core.sharedo.participant.assign",
      "ParticipantRoleSystemName": "owner",
      "PhaseSystemName": null,
      "UserOnly": false,
      "Id": "58769d1f-0b47-4a17-8633-356f6d6d18f4"
    },
    {
      "SharedoTypeSystemName": "task-search-duplicate",
      "PermissionSystemName": "core.sharedo.delete",
      "ParticipantRoleSystemName": "owner",
      "PhaseSystemName": null,
      "UserOnly": false,
      "Id": "cd303f89-7707-4c47-aca5-42e06723575e"
    },
    {
      "SharedoTypeSystemName": "task-search-duplicate",
      "PermissionSystemName": "core.sharedo.audit",
      "ParticipantRoleSystemName": "owner",
      "PhaseSystemName": null,
      "UserOnly": false,
      "Id": "ff730500-31ec-463f-b218-5185855ba9a2"
    },
    {
      "SharedoTypeSystemName": "task-search-duplicate",
      "PermissionSystemName": "core.sharedo.participant.read",
      "ParticipantRoleSystemName": "owner",
      "PhaseSystemName": null,
      "UserOnly": false,
      "Id": "c63bfd2e-aadd-48c4-a0ae-594a3e62fc5b"
    },
    {
      "SharedoTypeSystemName": "task-search-duplicate",
      "PermissionSystemName": "core.read",
      "ParticipantRoleSystemName": "primary-owner",
      "PhaseSystemName": null,
      "UserOnly": false,
      "Id": "fad15cde-5760-4c67-b4e8-2104922d0896"
    },
    {
      "SharedoTypeSystemName": "task-search-duplicate",
      "PermissionSystemName": "core.sharedo.participant.read",
      "ParticipantRoleSystemName": "primary-owner",
      "PhaseSystemName": null,
      "UserOnly": false,
      "Id": "ada727ce-b891-4525-8b0b-869235e5e0a6"
    },
    {
      "SharedoTypeSystemName": "task-search-duplicate",
      "PermissionSystemName": "core.sharedo.participant.assign",
      "ParticipantRoleSystemName": "primary-owner",
      "PhaseSystemName": null,
      "UserOnly": false,
      "Id": "d10bc424-26ec-4822-8f78-96688a80d972"
    },
    {
      "SharedoTypeSystemName": "task-search-duplicate",
      "PermissionSystemName": "core.sharedo.audit",
      "ParticipantRoleSystemName": "primary-owner",
      "PhaseSystemName": null,
      "UserOnly": false,
      "Id": "52c16a87-aba1-4f4a-a053-9ce5063c61cc"
    },
    {
      "SharedoTypeSystemName": "task-search-duplicate",
      "PermissionSystemName": "core.sharedo.delete",
      "ParticipantRoleSystemName": "primary-owner",
      "PhaseSystemName": null,
      "UserOnly": false,
      "Id": "1e62cbeb-06a6-404a-b250-f257871bad43"
    },
    {
      "SharedoTypeSystemName": "task-search-duplicate",
      "PermissionSystemName": "core.sharedo.update",
      "ParticipantRoleSystemName": "primary-owner",
      "PhaseSystemName": null,
      "UserOnly": true,
      "Id": "8c35f845-d6bc-4c28-9482-3349c6bcf2a9"
    },
    {
      "SharedoTypeSystemName": "task-search-duplicate",
      "PermissionSystemName": "core.sharedo.progress.milestone",
      "ParticipantRoleSystemName": "primary-owner",
      "PhaseSystemName": null,
      "UserOnly": true,
      "Id": "744bd397-f9fb-42c2-b16d-5e2facdad9a5"
    },
    {
      "SharedoTypeSystemName": "task-search-duplicate",
      "PermissionSystemName": "core.sharedo.participant.read",
      "ParticipantRoleSystemName": "reader",
      "PhaseSystemName": null,
      "UserOnly": false,
      "Id": "70f4d164-43df-4e1e-81b2-4fab21717110"
    },
    {
      "SharedoTypeSystemName": "task-search-duplicate",
      "PermissionSystemName": "core.read",
      "ParticipantRoleSystemName": "reader",
      "PhaseSystemName": null,
      "UserOnly": false,
      "Id": "070a1798-6645-45e8-bea9-5d3847237823"
    }
  ],
  "SyncRules": [],
  "TitleGenerator": null,
  "ReferenceGenerator": null,
  "TypeScopeBindings": [],
  "RoleScopeBindings": [],
  "Menus": [],
  "MenuItems": [],
  "UiOperations": [],
  "Breadcrumbs": [],
  "CalculatedFields": [],
  "PhaseTransitionGuards": [],
  "KeyDateAssociations": [],
  "KeyDateAssociationCategories": [],
  "RoleMenus": [],
  "DynamicMenus": {
    "MenuContexts": [],
    "Menus": [],
    "MenuOptions": []
  },
  "ConventionalPermissions": [
    {
      "SystemName": "core.sharedo.create.task-search-duplicate",
      "Name": "Sharedo - Create - Duplicate search task",
      "Description": "Can create a new Duplicate search task",
      "SystemPermission": true,
      "ResourcePermission": false,
      "PermissionTypeSystemName": "sharedo",
      "IsCustom": false
    }
  ],
  "AspectPersonas": []
}