{
  "BaseSharedo": {
    "SystemName": "task",
    "SystemNamePath": "/task/",
    "ParentSystemName": null,
    "SharedoTypeSchemaSystemName": "task",
    "Name": "Task",
    "ShortName": null,
    "Description": "This is the base type for a Task",
    "DefaultTitleTokenString": null,
    "IconClass": "fa-check-circle",
    "TileColour": "#676767",
    "CategoryOptionSetSystemName": null,
    "SharedoFormId": "f5a83285-5802-4113-86a1-91f727879f72",
    "CanEnableTimeEntry": true,
    "AllowsTimeEntry": false,
    "RequiresTimeEntry": false,
    "CanGenerateEmail": false,
    "RequiresHtmlSanitisation": false,
    "IsCoreCaseType": true,
    "EnableSecurityBarriers": true,
    "DefaultBillingCodeId": null,
    "GenerateBillingNotes": false,
    "BillingNotesGenerationTemplate": null,
    "TimeStartsOnBladeOpen": false,
    "TimeStopsOnBladeClose": false,
    "TimeRecordingBladeStackBehaviourId": null,
    "DefaultTimeCategory": null,
    "IsActive": true,
    "IsAbstract": false,
    "ViewCommand": "edit-task-aspects",
    "OpenCommand": "edit-task-aspects",
    "CreateCommand": null
  },
  "PhasePlan": {
    "SystemName": "task-states",
    "SharedoTypeSystemName": "task",
    "Name": "Task state model",
    "IsPrimaryState": true,
    "SystemClosedPhaseSystemName": "task-states-system-closed",
    "GraphLayout": null
  },
  "Phases": [
    {
      "SystemName": "task-doing",
      "PhasePlanSystemName": "task-states",
      "Name": "Doing",
      "Description": "Work item in progress",
      "ShortName": "Doing",
      "IconClass": "fa-check-square-o",
      "Colour": null,
      "IsStart": false,
      "IsOpen": true,
      "IsRemoved": false,
      "ExpectedDurationSeconds": null,
      "MeaningCode": null,
      "DisplayOrder": null,
      "IsReportable": true,
      "IncludeInLifecycleCalculations": true
    },
    {
      "SystemName": "task-done",
      "PhasePlanSystemName": "task-states",
      "Name": "Done",
      "Description": "Work item completed",
      "ShortName": "Done",
      "IconClass": "fa-check-square",
      "Colour": null,
      "IsStart": false,
      "IsOpen": false,
      "IsRemoved": false,
      "ExpectedDurationSeconds": null,
      "MeaningCode": null,
      "DisplayOrder": null,
      "IsReportable": true,
      "IncludeInLifecycleCalculations": true
    },
    {
      "SystemName": "task-new",
      "PhasePlanSystemName": "task-states",
      "Name": "New",
      "Description": "New work item, not started",
      "ShortName": "New",
      "IconClass": "fa-square-o",
      "Colour": null,
      "IsStart": true,
      "IsOpen": true,
      "IsRemoved": false,
      "ExpectedDurationSeconds": null,
      "MeaningCode": null,
      "DisplayOrder": null,
      "IsReportable": true,
      "IncludeInLifecycleCalculations": true
    },
    {
      "SystemName": "task-removed",
      "PhasePlanSystemName": "task-states",
      "Name": "Removed",
      "Description": "Work item no longer required",
      "ShortName": "Removed",
      "IconClass": "fa-trash",
      "Colour": null,
      "IsStart": false,
      "IsOpen": false,
      "IsRemoved": true,
      "ExpectedDurationSeconds": null,
      "MeaningCode": null,
      "DisplayOrder": null,
      "IsReportable": true,
      "IncludeInLifecycleCalculations": true
    },
    {
      "SystemName": "task-states-system-closed",
      "PhasePlanSystemName": "task-states",
      "Name": "System Closed",
      "Description": "Automatically closed by system",
      "ShortName": "System Closed",
      "IconClass": "fa-folder",
      "Colour": null,
      "IsStart": false,
      "IsOpen": false,
      "IsRemoved": false,
      "ExpectedDurationSeconds": null,
      "MeaningCode": null,
      "DisplayOrder": null,
      "IsReportable": true,
      "IncludeInLifecycleCalculations": true
    }
  ],
  "PhaseTransitions": [
    {
      "SystemName": "task-doing-done",
      "FromPhaseSystemName": "task-doing",
      "ToPhaseSystemName": "task-done",
      "Name": "Complete",
      "Description": null,
      "TransitionWaitTimeSeconds": null,
      "IsOptimumPath": true,
      "IsUserDriven": true,
      "ReasonOptionSetName": null,
      "CloseUI": true,
      "CloseUIAction": null,
      "AlwaysShowPhaseChangeInformation": false,
      "ReasonIsMandatory": false
    },
    {
      "SystemName": "task-doing-new",
      "FromPhaseSystemName": "task-doing",
      "ToPhaseSystemName": "task-new",
      "Name": "New",
      "Description": null,
      "TransitionWaitTimeSeconds": null,
      "IsOptimumPath": false,
      "IsUserDriven": true,
      "ReasonOptionSetName": null,
      "CloseUI": false,
      "CloseUIAction": null,
      "AlwaysShowPhaseChangeInformation": false,
      "ReasonIsMandatory": false
    },
    {
      "SystemName": "task-doing-removed",
      "FromPhaseSystemName": "task-doing",
      "ToPhaseSystemName": "task-removed",
      "Name": "Remove",
      "Description": null,
      "TransitionWaitTimeSeconds": null,
      "IsOptimumPath": false,
      "IsUserDriven": true,
      "ReasonOptionSetName": null,
      "CloseUI": true,
      "CloseUIAction": null,
      "AlwaysShowPhaseChangeInformation": false,
      "ReasonIsMandatory": false
    },
    {
      "SystemName": "task-done-doing",
      "FromPhaseSystemName": "task-done",
      "ToPhaseSystemName": "task-doing",
      "Name": "In Progress",
      "Description": null,
      "TransitionWaitTimeSeconds": null,
      "IsOptimumPath": false,
      "IsUserDriven": true,
      "ReasonOptionSetName": null,
      "CloseUI": false,
      "CloseUIAction": null,
      "AlwaysShowPhaseChangeInformation": false,
      "ReasonIsMandatory": false
    },
    {
      "SystemName": "task-new-doing",
      "FromPhaseSystemName": "task-new",
      "ToPhaseSystemName": "task-doing",
      "Name": "In Progress",
      "Description": null,
      "TransitionWaitTimeSeconds": null,
      "IsOptimumPath": true,
      "IsUserDriven": true,
      "ReasonOptionSetName": null,
      "CloseUI": false,
      "CloseUIAction": null,
      "AlwaysShowPhaseChangeInformation": false,
      "ReasonIsMandatory": false
    },
    {
      "SystemName": "task-new-done",
      "FromPhaseSystemName": "task-new",
      "ToPhaseSystemName": "task-done",
      "Name": "Complete",
      "Description": null,
      "TransitionWaitTimeSeconds": null,
      "IsOptimumPath": false,
      "IsUserDriven": true,
      "ReasonOptionSetName": null,
      "CloseUI": true,
      "CloseUIAction": null,
      "AlwaysShowPhaseChangeInformation": false,
      "ReasonIsMandatory": false
    },
    {
      "SystemName": "task-removed-doing",
      "FromPhaseSystemName": "task-removed",
      "ToPhaseSystemName": "task-doing",
      "Name": "In Progress",
      "Description": null,
      "TransitionWaitTimeSeconds": null,
      "IsOptimumPath": false,
      "IsUserDriven": true,
      "ReasonOptionSetName": null,
      "CloseUI": false,
      "CloseUIAction": null,
      "AlwaysShowPhaseChangeInformation": false,
      "ReasonIsMandatory": false
    }
  ],
  "Relationships": [
    {
      "ParentSharedoTypeSystemName": "contract",
      "ChildSharedoTypeSystemName": "task",
      "SharedoRelationshipTypeSystemName": "parent-child",
      "CanHaveManyChildren": true,
      "CanHaveManyParents": false,
      "Id": "6df80b98-65c5-42f4-902b-04d0670ad6cc"
    },
    {
      "ParentSharedoTypeSystemName": "instruction",
      "ChildSharedoTypeSystemName": "task",
      "SharedoRelationshipTypeSystemName": "parent-child",
      "CanHaveManyChildren": true,
      "CanHaveManyParents": false,
      "Id": "f94b9511-82b0-4810-963d-3658e8dec701"
    },
    {
      "ParentSharedoTypeSystemName": "matter",
      "ChildSharedoTypeSystemName": "task",
      "SharedoRelationshipTypeSystemName": "parent-child",
      "CanHaveManyChildren": true,
      "CanHaveManyParents": false,
      "Id": "3048a982-6768-4a2a-9b2a-0e1426059968"
    },
    {
      "ParentSharedoTypeSystemName": "proceeding",
      "ChildSharedoTypeSystemName": "task",
      "SharedoRelationshipTypeSystemName": "parent-child",
      "CanHaveManyChildren": true,
      "CanHaveManyParents": false,
      "Id": "58f9bba7-4fe3-427d-8e3a-ee9f91ecfe82"
    },
    {
      "ParentSharedoTypeSystemName": "statement-of-work",
      "ChildSharedoTypeSystemName": "task",
      "SharedoRelationshipTypeSystemName": "parent-child",
      "CanHaveManyChildren": true,
      "CanHaveManyParents": false,
      "Id": "3a67494b-8e82-43b7-a29c-7531840a996b"
    },
    {
      "ParentSharedoTypeSystemName": "task",
      "ChildSharedoTypeSystemName": "task",
      "SharedoRelationshipTypeSystemName": "parent-child",
      "CanHaveManyChildren": true,
      "CanHaveManyParents": false,
      "Id": "3cf7121b-f46d-4873-b11d-a8543eed33c3"
    },
    {
      "ParentSharedoTypeSystemName": "task",
      "ChildSharedoTypeSystemName": "task-activity-send-email",
      "SharedoRelationshipTypeSystemName": "parent-child",
      "CanHaveManyChildren": true,
      "CanHaveManyParents": false,
      "Id": "c60a9ced-d9da-469c-9451-0f8118b1f9dd"
    },
    {
      "ParentSharedoTypeSystemName": "task-activity-send-email",
      "ChildSharedoTypeSystemName": "task",
      "SharedoRelationshipTypeSystemName": "regarding",
      "CanHaveManyChildren": true,
      "CanHaveManyParents": true,
      "Id": "b745aef7-0f3d-466d-ae2c-00d739f57738"
    },
    {
      "ParentSharedoTypeSystemName": "task-activity-send-sms",
      "ChildSharedoTypeSystemName": "task",
      "SharedoRelationshipTypeSystemName": "regarding",
      "CanHaveManyChildren": true,
      "CanHaveManyParents": true,
      "Id": "90533962-6eb9-4168-90ba-15fc63b5612a"
    }
  ],
  "WorkScheduling": {
    "SystemName": "task",
    "TrackDuration": true,
    "ExpectedDurationSeconds": null,
    "WorkStartedTrigger": "work-created",
    "WorkStartedTriggerConfig": null,
    "WorkFinishedTrigger": "phase-entered",
    "WorkFinishedTriggerConfig": "{ \"isClosed\": true }",
    "WorkEstimationHandler": "configured-estimates",
    "WorkEstimationConfig": null,
    "UserCanEditSchedule": true,
    "DueDateLinkingBehaviour": "expected-end-optional"
  },
  "OldEnabledFeatures": [],
  "FeatureFrameworkEntries": [
    {
      "SystemName": "SharedoTypePriority",
      "SharedoTypeSystemName": "task",
      "PhaseSystemName": null,
      "Enabled": true,
      "Configuration": "{\"defaultPriorityId\":9001}"
    },
    {
      "SystemName": "sharedo-type-create-from-menus",
      "SharedoTypeSystemName": "task",
      "PhaseSystemName": null,
      "Enabled": true,
      "Configuration": null
    },
    {
      "SystemName": "sharedo-type-operations",
      "SharedoTypeSystemName": "task",
      "PhaseSystemName": null,
      "Enabled": true,
      "Configuration": "\r\n        { \r\n            \"viewMode\":\"InheritFromParent\",\r\n            \"viewOpSystemName\":null,\r\n            \"createMode\":\"UseDefault\",\r\n            \"createOpSystemName\":null \r\n        }"
    },
    {
      "SystemName": "sharedo-type-create-unparented",
      "SharedoTypeSystemName": "task",
      "PhaseSystemName": null,
      "Enabled": true,
      "Configuration": null
    },
    {
      "SystemName": "sharedo-type-on-standard-menus",
      "SharedoTypeSystemName": "task",
      "PhaseSystemName": null,
      "Enabled": true,
      "Configuration": null
    },
    {
      "SystemName": "JumpToPhaseSharedoType",
      "SharedoTypeSystemName": "task",
      "PhaseSystemName": null,
      "Enabled": true,
      "Configuration": null
    }
  ],
  "FeatureFlagEntries": [
    {
      "FlagSystemName": "chronology-task-milestone",
      "SharedoTypeSystemName": "task",
      "PhaseSystemName": "task-done",
      "Enabled": true,
      "Configuration": null
    },
    {
      "FlagSystemName": "bulk-phase-change-complete",
      "SharedoTypeSystemName": "task",
      "PhaseSystemName": "task-done",
      "Enabled": true,
      "Configuration": null
    }
  ],
  "SharedoTypeRoles": [
    {
      "SharedoTypeSystemName": "task",
      "ParticipantRoleSystemName": "client-read-only",
      "CanHaveMultiple": true,
      "IsBillable": false,
      "IsMandatory": false,
      "IsRecommended": false,
      "IsManuallyAssignable": true,
      "IsActive": true,
      "CanBeBulkAssigned": true,
      "CanChange": true,
      "CanBeOrdered": false,
      "IncludeInReports": false,
      "ManageAsACaseTeamRole": true,
      "IsSecurityTeamRole": true,
      "IsCounterpartyRole": false,
      "RepresentedByDefaultOrg": false
    },
    {
      "SharedoTypeSystemName": "task",
      "ParticipantRoleSystemName": "contributor",
      "CanHaveMultiple": true,
      "IsBillable": false,
      "IsMandatory": false,
      "IsRecommended": false,
      "IsManuallyAssignable": true,
      "IsActive": true,
      "CanBeBulkAssigned": false,
      "CanChange": true,
      "CanBeOrdered": false,
      "IncludeInReports": false,
      "ManageAsACaseTeamRole": false,
      "IsSecurityTeamRole": true,
      "IsCounterpartyRole": false,
      "RepresentedByDefaultOrg": false
    },
    {
      "SharedoTypeSystemName": "task",
      "ParticipantRoleSystemName": "creator",
      "CanHaveMultiple": false,
      "IsBillable": false,
      "IsMandatory": false,
      "IsRecommended": false,
      "IsManuallyAssignable": false,
      "IsActive": true,
      "CanBeBulkAssigned": false,
      "CanChange": true,
      "CanBeOrdered": false,
      "IncludeInReports": true,
      "ManageAsACaseTeamRole": false,
      "IsSecurityTeamRole": true,
      "IsCounterpartyRole": false,
      "RepresentedByDefaultOrg": false
    },
    {
      "SharedoTypeSystemName": "task",
      "ParticipantRoleSystemName": "delegated-by",
      "CanHaveMultiple": false,
      "IsBillable": false,
      "IsMandatory": false,
      "IsRecommended": false,
      "IsManuallyAssignable": false,
      "IsActive": true,
      "CanBeBulkAssigned": true,
      "CanChange": true,
      "CanBeOrdered": false,
      "IncludeInReports": true,
      "ManageAsACaseTeamRole": false,
      "IsSecurityTeamRole": false,
      "IsCounterpartyRole": false,
      "RepresentedByDefaultOrg": false
    },
    {
      "SharedoTypeSystemName": "task",
      "ParticipantRoleSystemName": "originator",
      "CanHaveMultiple": false,
      "IsBillable": false,
      "IsMandatory": false,
      "IsRecommended": false,
      "IsManuallyAssignable": false,
      "IsActive": true,
      "CanBeBulkAssigned": false,
      "CanChange": true,
      "CanBeOrdered": false,
      "IncludeInReports": true,
      "ManageAsACaseTeamRole": false,
      "IsSecurityTeamRole": true,
      "IsCounterpartyRole": false,
      "RepresentedByDefaultOrg": false
    },
    {
      "SharedoTypeSystemName": "task",
      "ParticipantRoleSystemName": "owner",
      "CanHaveMultiple": true,
      "IsBillable": false,
      "IsMandatory": false,
      "IsRecommended": false,
      "IsManuallyAssignable": true,
      "IsActive": true,
      "CanBeBulkAssigned": false,
      "CanChange": true,
      "CanBeOrdered": false,
      "IncludeInReports": false,
      "ManageAsACaseTeamRole": false,
      "IsSecurityTeamRole": true,
      "IsCounterpartyRole": false,
      "RepresentedByDefaultOrg": false
    },
    {
      "SharedoTypeSystemName": "task",
      "ParticipantRoleSystemName": "primary-owner",
      "CanHaveMultiple": false,
      "IsBillable": false,
      "IsMandatory": false,
      "IsRecommended": false,
      "IsManuallyAssignable": true,
      "IsActive": true,
      "CanBeBulkAssigned": true,
      "CanChange": true,
      "CanBeOrdered": false,
      "IncludeInReports": true,
      "ManageAsACaseTeamRole": false,
      "IsSecurityTeamRole": true,
      "IsCounterpartyRole": false,
      "RepresentedByDefaultOrg": false
    },
    {
      "SharedoTypeSystemName": "task",
      "ParticipantRoleSystemName": "reader",
      "CanHaveMultiple": true,
      "IsBillable": false,
      "IsMandatory": false,
      "IsRecommended": false,
      "IsManuallyAssignable": true,
      "IsActive": true,
      "CanBeBulkAssigned": false,
      "CanChange": true,
      "CanBeOrdered": false,
      "IncludeInReports": false,
      "ManageAsACaseTeamRole": false,
      "IsSecurityTeamRole": true,
      "IsCounterpartyRole": false,
      "RepresentedByDefaultOrg": false
    }
  ],
  "RoleAssociations": [],
  "RoleSourcingRules": [],
  "RoleSourcingAncestorRestrictions": [],
  "RoleSourcingRoleRestrictions": [],
  "DataQualityRules": [],
  "Aspects": [
    {
      "SharedoTypeSystemName": "task",
      "InheritedFromTypeSystemName": null,
      "Id": "8f6cad62-6c4a-4c77-9d60-056eed113bbd",
      "AspectDefinitionSystemName": "WorkScheduling",
      "Config": "{}",
      "WidgetConfig": null,
      "ZoneName": "main",
      "DisplayPriority": -20,
      "ViewPermissionSystemName": null,
      "UpdatePermissionSystemName": null
    },
    {
      "SharedoTypeSystemName": "task",
      "InheritedFromTypeSystemName": null,
      "Id": "ecd2754a-45b2-4193-8067-06fa5945a045",
      "AspectDefinitionSystemName": "CommentNav",
      "Config": null,
      "WidgetConfig": null,
      "ZoneName": "footer",
      "DisplayPriority": 20,
      "ViewPermissionSystemName": null,
      "UpdatePermissionSystemName": null
    },
    {
      "SharedoTypeSystemName": "task",
      "InheritedFromTypeSystemName": null,
      "Id": "05a31676-97b1-4af0-956e-088532340248",
      "AspectDefinitionSystemName": "TaskDueDateHeader",
      "Config": null,
      "WidgetConfig": null,
      "ZoneName": "pre-header",
      "DisplayPriority": 10,
      "ViewPermissionSystemName": null,
      "UpdatePermissionSystemName": null
    },
    {
      "SharedoTypeSystemName": "task",
      "InheritedFromTypeSystemName": null,
      "Id": "364ae2fd-6d42-4889-8f67-404b300c7ffa",
      "AspectDefinitionSystemName": "Task",
      "Config": null,
      "WidgetConfig": null,
      "ZoneName": "bottom",
      "DisplayPriority": 10,
      "ViewPermissionSystemName": null,
      "UpdatePermissionSystemName": null
    },
    {
      "SharedoTypeSystemName": "task",
      "InheritedFromTypeSystemName": null,
      "Id": "df06a58b-4c2d-45fc-b91b-5dde9c3d5fa7",
      "AspectDefinitionSystemName": "Tags",
      "Config": null,
      "WidgetConfig": null,
      "ZoneName": "top",
      "DisplayPriority": 20,
      "ViewPermissionSystemName": null,
      "UpdatePermissionSystemName": null
    },
    {
      "SharedoTypeSystemName": "task",
      "InheritedFromTypeSystemName": null,
      "Id": "7532c677-968d-48f9-8e11-8317a1f277f3",
      "AspectDefinitionSystemName": "TimeNav",
      "Config": null,
      "WidgetConfig": null,
      "ZoneName": "footer",
      "DisplayPriority": 30,
      "ViewPermissionSystemName": null,
      "UpdatePermissionSystemName": null
    },
    {
      "SharedoTypeSystemName": "task",
      "InheritedFromTypeSystemName": null,
      "Id": "2c1a025b-b3cb-4b33-8d9b-97222ee71d5e",
      "AspectDefinitionSystemName": "RelatedDocuments",
      "Config": "{ \"showUpload\": true }",
      "WidgetConfig": null,
      "ZoneName": "top",
      "DisplayPriority": 10,
      "ViewPermissionSystemName": null,
      "UpdatePermissionSystemName": null
    },
    {
      "SharedoTypeSystemName": "task",
      "InheritedFromTypeSystemName": null,
      "Id": "c50e2aa1-0636-4a8e-852a-a3d5d3b1da15",
      "AspectDefinitionSystemName": "ActionPlanNav",
      "Config": null,
      "WidgetConfig": null,
      "ZoneName": "footer",
      "DisplayPriority": 10,
      "ViewPermissionSystemName": null,
      "UpdatePermissionSystemName": null
    },
    {
      "SharedoTypeSystemName": "task",
      "InheritedFromTypeSystemName": null,
      "Id": "af8acab3-783b-422d-8745-cd8db835a71d",
      "AspectDefinitionSystemName": "RibbonBar2",
      "Config": null,
      "WidgetConfig": null,
      "ZoneName": "header",
      "DisplayPriority": 10,
      "ViewPermissionSystemName": null,
      "UpdatePermissionSystemName": null
    },
    {
      "SharedoTypeSystemName": "task",
      "InheritedFromTypeSystemName": null,
      "Id": "4f5a64b0-4ddf-4060-98dd-daea4434784f",
      "AspectDefinitionSystemName": "SharedoPriority",
      "Config": null,
      "WidgetConfig": "{\"withChrome\":false}",
      "ZoneName": "top",
      "DisplayPriority": 25,
      "ViewPermissionSystemName": null,
      "UpdatePermissionSystemName": null
    },
    {
      "SharedoTypeSystemName": "task",
      "InheritedFromTypeSystemName": null,
      "Id": "12bdc479-18a9-4e61-b03e-e254f99aeb14",
      "AspectDefinitionSystemName": "TaskDetails",
      "Config": null,
      "WidgetConfig": null,
      "ZoneName": "top",
      "DisplayPriority": 40,
      "ViewPermissionSystemName": null,
      "UpdatePermissionSystemName": null
    },
    {
      "SharedoTypeSystemName": "task",
      "InheritedFromTypeSystemName": null,
      "Id": "44d4ed92-1779-4c6e-a965-ebfac5eb31a0",
      "AspectDefinitionSystemName": "MandatoryInPhase",
      "Config": null,
      "WidgetConfig": null,
      "ZoneName": "top",
      "DisplayPriority": 40,
      "ViewPermissionSystemName": null,
      "UpdatePermissionSystemName": null
    },
    {
      "SharedoTypeSystemName": "task",
      "InheritedFromTypeSystemName": null,
      "Id": "fb793f08-1508-4ac0-88e8-f27d3a2628c0",
      "AspectDefinitionSystemName": "OdsEntityPicker",
      "Config": "{\r\n    \"title\": \"Task Assigned To\",\r\n    \"showTitle\": false,\r\n    \"showPreSharedo\": true,\r\n    \"showPostSharedo\": true,\r\n    \"participantMode\": false,\r\n    \"taskReassignMode\": true,\r\n    \"roleConfigModels\": [\r\n        {\r\n            \"roleSystemName\": \"primary-owner\",\r\n            \"label\": \"Assigned To\",\r\n            \"viewMode\": \"list\",\r\n            \"verticalLayout\": false,\r\n            \"requirementLevel\": null,\r\n            \"disabled\": false,\r\n            \"showSearchOds\": true,\r\n            \"allowInlineSearch\": false,\r\n            \"searchRelated\": true,\r\n            \"supportMultiple\": false,\r\n            \"defaultToCurrentUser\": true,\r\n            \"addToCurrent\": true,\r\n            \"showReference\": false,\r\n            \"referenceEditable\": false,\r\n            \"referenceMandatory\": false\r\n        }\r\n    ],\r\n    \"_old\": {}\r\n}",
      "WidgetConfig": null,
      "ZoneName": "top",
      "DisplayPriority": 30,
      "ViewPermissionSystemName": null,
      "UpdatePermissionSystemName": null
    },
    {
      "SharedoTypeSystemName": "task",
      "InheritedFromTypeSystemName": null,
      "Id": "8b704cec-5f11-4852-b7f9-f2d3eb7a4289",
      "AspectDefinitionSystemName": "TaskDueDate",
      "Config": null,
      "WidgetConfig": null,
      "ZoneName": "top",
      "DisplayPriority": 35,
      "ViewPermissionSystemName": null,
      "UpdatePermissionSystemName": null
    }
  ],
  "AspectStripingRules": [],
  "SharedoTypeRolePermissions": [
    {
      "SharedoTypeSystemName": "task",
      "PermissionSystemName": "core.sharedo.audit",
      "ParticipantRoleSystemName": "client-read-only",
      "PhaseSystemName": null,
      "UserOnly": false,
      "Id": "b63d6a0e-5337-48b6-95f0-20fa6c609f9a"
    },
    {
      "SharedoTypeSystemName": "task",
      "PermissionSystemName": "core.sharedo.participant.read",
      "ParticipantRoleSystemName": "client-read-only",
      "PhaseSystemName": null,
      "UserOnly": false,
      "Id": "4d40f023-e92d-46d2-93cd-7bb1a36c512e"
    },
    {
      "SharedoTypeSystemName": "task",
      "PermissionSystemName": "core.read",
      "ParticipantRoleSystemName": "client-read-only",
      "PhaseSystemName": null,
      "UserOnly": false,
      "Id": "7ecd3fe6-2a19-4ddb-9675-a0345f8cc7db"
    },
    {
      "SharedoTypeSystemName": "task",
      "PermissionSystemName": "core.read",
      "ParticipantRoleSystemName": "contributor",
      "PhaseSystemName": null,
      "UserOnly": false,
      "Id": "fbb43d51-a505-405c-b72d-017a2905e941"
    },
    {
      "SharedoTypeSystemName": "task",
      "PermissionSystemName": "core.sharedo.participant.read",
      "ParticipantRoleSystemName": "contributor",
      "PhaseSystemName": null,
      "UserOnly": false,
      "Id": "7d283e8b-ef0b-4f1a-8efc-08075b3394b2"
    },
    {
      "SharedoTypeSystemName": "task",
      "PermissionSystemName": "core.sharedo.participant.assign",
      "ParticipantRoleSystemName": "contributor",
      "PhaseSystemName": null,
      "UserOnly": false,
      "Id": "70b9b41d-34b9-4d34-a937-9d4d8b9f7b46"
    },
    {
      "SharedoTypeSystemName": "task",
      "PermissionSystemName": "core.sharedo.audit",
      "ParticipantRoleSystemName": "contributor",
      "PhaseSystemName": null,
      "UserOnly": false,
      "Id": "92124a5d-53ac-42ec-9242-c750a879ef35"
    },
    {
      "SharedoTypeSystemName": "task",
      "PermissionSystemName": "core.read",
      "ParticipantRoleSystemName": "creator",
      "PhaseSystemName": null,
      "UserOnly": false,
      "Id": "222344c6-92e1-4ca0-af7b-bb3e04d879fd"
    },
    {
      "SharedoTypeSystemName": "task",
      "PermissionSystemName": "core.read",
      "ParticipantRoleSystemName": "owner",
      "PhaseSystemName": null,
      "UserOnly": false,
      "Id": "052bad7f-a0b8-472d-8184-5e3ea75bef73"
    },
    {
      "SharedoTypeSystemName": "task",
      "PermissionSystemName": "core.sharedo.participant.read",
      "ParticipantRoleSystemName": "owner",
      "PhaseSystemName": null,
      "UserOnly": false,
      "Id": "6713fa2d-9d8f-4901-bede-6dc6ca5615ac"
    },
    {
      "SharedoTypeSystemName": "task",
      "PermissionSystemName": "core.sharedo.participant.assign",
      "ParticipantRoleSystemName": "owner",
      "PhaseSystemName": null,
      "UserOnly": false,
      "Id": "5a9b871a-1df3-446b-830c-7eeb521b8538"
    },
    {
      "SharedoTypeSystemName": "task",
      "PermissionSystemName": "core.sharedo.audit",
      "ParticipantRoleSystemName": "owner",
      "PhaseSystemName": null,
      "UserOnly": false,
      "Id": "68b29a77-7cf2-4ac2-b0c3-f85d1907889d"
    },
    {
      "SharedoTypeSystemName": "task",
      "PermissionSystemName": "core.sharedo.delete",
      "ParticipantRoleSystemName": "owner",
      "PhaseSystemName": null,
      "UserOnly": false,
      "Id": "8df42c1f-f759-478e-8a2d-fb63b88aef53"
    },
    {
      "SharedoTypeSystemName": "task",
      "PermissionSystemName": "core.sharedo.participant.read",
      "ParticipantRoleSystemName": "primary-owner",
      "PhaseSystemName": null,
      "UserOnly": false,
      "Id": "b8041d10-b8dc-4240-bbb4-372231e9f39b"
    },
    {
      "SharedoTypeSystemName": "task",
      "PermissionSystemName": "core.read",
      "ParticipantRoleSystemName": "primary-owner",
      "PhaseSystemName": null,
      "UserOnly": false,
      "Id": "f89c8845-f158-4546-ba44-633dca587411"
    },
    {
      "SharedoTypeSystemName": "task",
      "PermissionSystemName": "core.sharedo.audit",
      "ParticipantRoleSystemName": "primary-owner",
      "PhaseSystemName": null,
      "UserOnly": false,
      "Id": "7e7f0f9f-90b9-42cb-89b6-bafbb459e5fa"
    },
    {
      "SharedoTypeSystemName": "task",
      "PermissionSystemName": "core.sharedo.participant.assign",
      "ParticipantRoleSystemName": "primary-owner",
      "PhaseSystemName": null,
      "UserOnly": false,
      "Id": "6b25172c-4e36-4676-b9dd-f6cc1f35d55c"
    },
    {
      "SharedoTypeSystemName": "task",
      "PermissionSystemName": "core.sharedo.progress.milestone",
      "ParticipantRoleSystemName": "primary-owner",
      "PhaseSystemName": null,
      "UserOnly": true,
      "Id": "65e2825e-baa9-4749-9565-c3ef951e9678"
    },
    {
      "SharedoTypeSystemName": "task",
      "PermissionSystemName": "core.sharedo.update",
      "ParticipantRoleSystemName": "primary-owner",
      "PhaseSystemName": null,
      "UserOnly": true,
      "Id": "96c56502-475a-4b5c-aaa3-f8d964db9f8b"
    },
    {
      "SharedoTypeSystemName": "task",
      "PermissionSystemName": "core.read",
      "ParticipantRoleSystemName": "reader",
      "PhaseSystemName": null,
      "UserOnly": false,
      "Id": "9cf32cbb-511b-4859-9a10-5920eb632283"
    },
    {
      "SharedoTypeSystemName": "task",
      "PermissionSystemName": "core.sharedo.participant.read",
      "ParticipantRoleSystemName": "reader",
      "PhaseSystemName": null,
      "UserOnly": false,
      "Id": "d28341f7-3bec-48dd-85df-bf9046d0cb1f"
    }
  ],
  "SyncRules": [
    {
      "Id": "9b8a6967-1694-49a7-be36-051353426f30",
      "SourceSharedoTypeSystemName": "instruction",
      "SourceRoleSystemName": "reader",
      "TargetSharedoTypeSystemName": "task",
      "TargetRoleSystemName": "reader",
      "Enabled": true,
      "IsSystem": true,
      "Synchronous": true,
      "SharedoCreateEnabled": true,
      "SharedoCreateRuleTypeId": 82000001,
      "SharedoCreateRecommended": false,
      "SharedoCreateRequired": false,
      "SharedoCreateCanChangeTargetRole": false,
      "SharedoCreateUseRelated": false,
      "ParticipantCreateEnabled": true,
      "ParticipantCreateRuleTypeId": 82000001,
      "ParticipantCreateRecommended": false,
      "ParticipantCreateRequired": false,
      "ParticipantCreateCanChangeTargetRole": false
    },
    {
      "Id": "13a85147-c719-40ba-b3e8-212466999506",
      "SourceSharedoTypeSystemName": "matter",
      "SourceRoleSystemName": "contributor",
      "TargetSharedoTypeSystemName": "task",
      "TargetRoleSystemName": "contributor",
      "Enabled": true,
      "IsSystem": false,
      "Synchronous": false,
      "SharedoCreateEnabled": true,
      "SharedoCreateRuleTypeId": 82000001,
      "SharedoCreateRecommended": false,
      "SharedoCreateRequired": false,
      "SharedoCreateCanChangeTargetRole": false,
      "SharedoCreateUseRelated": false,
      "ParticipantCreateEnabled": false,
      "ParticipantCreateRuleTypeId": 82000001,
      "ParticipantCreateRecommended": false,
      "ParticipantCreateRequired": false,
      "ParticipantCreateCanChangeTargetRole": false
    },
    {
      "Id": "5d7e4330-f5b0-48c5-96d8-508c0f7f83e6",
      "SourceSharedoTypeSystemName": "statement-of-work",
      "SourceRoleSystemName": "reader",
      "TargetSharedoTypeSystemName": "task",
      "TargetRoleSystemName": "reader",
      "Enabled": true,
      "IsSystem": false,
      "Synchronous": false,
      "SharedoCreateEnabled": true,
      "SharedoCreateRuleTypeId": 82000001,
      "SharedoCreateRecommended": false,
      "SharedoCreateRequired": false,
      "SharedoCreateCanChangeTargetRole": false,
      "SharedoCreateUseRelated": false,
      "ParticipantCreateEnabled": true,
      "ParticipantCreateRuleTypeId": 82000001,
      "ParticipantCreateRecommended": false,
      "ParticipantCreateRequired": false,
      "ParticipantCreateCanChangeTargetRole": false
    },
    {
      "Id": "80a9a503-9c46-48ea-a661-5564b7017939",
      "SourceSharedoTypeSystemName": "contract",
      "SourceRoleSystemName": "reader",
      "TargetSharedoTypeSystemName": "task",
      "TargetRoleSystemName": "reader",
      "Enabled": true,
      "IsSystem": false,
      "Synchronous": false,
      "SharedoCreateEnabled": true,
      "SharedoCreateRuleTypeId": 82000001,
      "SharedoCreateRecommended": false,
      "SharedoCreateRequired": false,
      "SharedoCreateCanChangeTargetRole": false,
      "SharedoCreateUseRelated": false,
      "ParticipantCreateEnabled": true,
      "ParticipantCreateRuleTypeId": 82000001,
      "ParticipantCreateRecommended": false,
      "ParticipantCreateRequired": false,
      "ParticipantCreateCanChangeTargetRole": false
    },
    {
      "Id": "14fb6464-f3f3-462b-bcfa-6828139d10aa",
      "SourceSharedoTypeSystemName": "matter",
      "SourceRoleSystemName": "reader",
      "TargetSharedoTypeSystemName": "task",
      "TargetRoleSystemName": "reader",
      "Enabled": true,
      "IsSystem": false,
      "Synchronous": false,
      "SharedoCreateEnabled": true,
      "SharedoCreateRuleTypeId": 82000001,
      "SharedoCreateRecommended": false,
      "SharedoCreateRequired": false,
      "SharedoCreateCanChangeTargetRole": false,
      "SharedoCreateUseRelated": false,
      "ParticipantCreateEnabled": false,
      "ParticipantCreateRuleTypeId": 82000001,
      "ParticipantCreateRecommended": false,
      "ParticipantCreateRequired": false,
      "ParticipantCreateCanChangeTargetRole": false
    },
    {
      "Id": "5776152e-1c83-4117-b405-b4dbdfc01802",
      "SourceSharedoTypeSystemName": "instruction",
      "SourceRoleSystemName": "contributor",
      "TargetSharedoTypeSystemName": "task",
      "TargetRoleSystemName": "contributor",
      "Enabled": true,
      "IsSystem": true,
      "Synchronous": true,
      "SharedoCreateEnabled": true,
      "SharedoCreateRuleTypeId": 82000001,
      "SharedoCreateRecommended": false,
      "SharedoCreateRequired": false,
      "SharedoCreateCanChangeTargetRole": false,
      "SharedoCreateUseRelated": false,
      "ParticipantCreateEnabled": true,
      "ParticipantCreateRuleTypeId": 82000001,
      "ParticipantCreateRecommended": false,
      "ParticipantCreateRequired": false,
      "ParticipantCreateCanChangeTargetRole": false
    },
    {
      "Id": "0ae860a9-d1de-4643-8bcd-efe3f06dde63",
      "SourceSharedoTypeSystemName": "matter",
      "SourceRoleSystemName": "client-read-only",
      "TargetSharedoTypeSystemName": "task",
      "TargetRoleSystemName": "client-read-only",
      "Enabled": true,
      "IsSystem": false,
      "Synchronous": false,
      "SharedoCreateEnabled": true,
      "SharedoCreateRuleTypeId": 82000001,
      "SharedoCreateRecommended": false,
      "SharedoCreateRequired": false,
      "SharedoCreateCanChangeTargetRole": false,
      "SharedoCreateUseRelated": false,
      "ParticipantCreateEnabled": false,
      "ParticipantCreateRuleTypeId": 82000001,
      "ParticipantCreateRecommended": false,
      "ParticipantCreateRequired": false,
      "ParticipantCreateCanChangeTargetRole": false
    }
  ],
  "TitleGenerator": null,
  "ReferenceGenerator": {
    "SystemName": "task",
    "Mode": "generator",
    "GeneratorSystemName": "core-configurable-reference",
    "GeneratorConfig": "{\"loadSharedoType\":{},\"formatMask\":\"{typename}/{sequence}\",\"useSequence\":{\"zeroPadToMinimumCharacters\":8}}",
    "UserEditable": false,
    "UserEditableMustBeUnique": false,
    "UserEditableMustBeUniqueWithinTypes": null,
    "UserEditableMask": null,
    "AutoCompleteProvider": null,
    "AutoCompleteProviderConfig": null
  },
  "TypeScopeBindings": [],
  "RoleScopeBindings": [],
  "Menus": [],
  "MenuItems": [],
  "UiOperations": [],
  "Breadcrumbs": [],
  "CalculatedFields": [],
  "PhaseTransitionGuards": [
    {
      "SharedoTypeSystemName": "task",
      "TransitionSystemName": "task-doing-done",
      "Title": "All required action plan items must be completed",
      "Description": "All required action plan items must be completed to complete this task.",
      "TypeSystemName": "MandatoryActionPlanItems",
      "Config": null,
      "Order": 0
    },
    {
      "SharedoTypeSystemName": "task",
      "TransitionSystemName": "task-new-done",
      "Title": "All required action plan items must be completed",
      "Description": "All required action plan items must be completed to complete this task.",
      "TypeSystemName": "MandatoryActionPlanItems",
      "Config": null,
      "Order": 0
    },
    {
      "SharedoTypeSystemName": "task",
      "TransitionSystemName": "task-doing-done",
      "Title": "All activities must be completed",
      "Description": "<p>All Activities must be completed or removed to complete this task.</p>",
      "TypeSystemName": "ChildWorkItemsCompleted",
      "Config": "{\"includeTypes\":[\"task-activity\"],\"excludeTypes\":[\"task-activity-document-expectation\",\"task-activity-document-expectation-negotiated\",\"task-activity-send-email-notification\"],\"buttonTitle\":null,\"buttonIcon\":null,\"buttonStyle\":null,\"commandSystemName\":null,\"commandConfigurationJson\":null}",
      "Order": 0
    },
    {
      "SharedoTypeSystemName": "task",
      "TransitionSystemName": "task-doing-removed",
      "Title": "All activities must be completed",
      "Description": "<p>All Activities must be completed or removed to complete this task.</p>",
      "TypeSystemName": "ChildWorkItemsCompleted",
      "Config": "{\"includeTypes\":[\"task-activity\"],\"excludeTypes\":[\"task-activity-document-expectation\",\"task-activity-document-expectation-negotiated\",\"task-activity-send-email-notification\"],\"buttonTitle\":null,\"buttonIcon\":null,\"buttonStyle\":null,\"commandSystemName\":null,\"commandConfigurationJson\":null}",
      "Order": 0
    },
    {
      "SharedoTypeSystemName": "task",
      "TransitionSystemName": "task-new-done",
      "Title": "All activities must be completed",
      "Description": "<p>All Activities must be completed or removed to complete this task.</p>",
      "TypeSystemName": "ChildWorkItemsCompleted",
      "Config": "{\"includeTypes\":[\"task-activity\"],\"excludeTypes\":[\"task-activity-document-expectation\",\"task-activity-document-expectation-negotiated\",\"task-activity-send-email-notification\"],\"buttonTitle\":null,\"buttonIcon\":null,\"buttonStyle\":null,\"commandSystemName\":null,\"commandConfigurationJson\":null}",
      "Order": 0
    }
  ],
  "KeyDateAssociations": [],
  "KeyDateAssociationCategories": [],
  "RoleMenus": [],
  "DynamicMenus": {
    "MenuContexts": [],
    "Menus": [],
    "MenuOptions": []
  },
  "ConventionalPermissions": [
    {
      "SystemName": "core.sharedo.create.task",
      "Name": "Sharedo - Create - Task",
      "Description": "Can create a new Task",
      "SystemPermission": true,
      "ResourcePermission": false,
      "PermissionTypeSystemName": "sharedo",
      "IsCustom": false
    }
  ],
  "AspectPersonas": []
}