{
  "BaseSharedo": {
    "SystemName": "matter-private-client-general",
    "SystemNamePath": "/matter/matter-private-client/matter-private-client-general",
    "ParentSystemName": "matter-private-client",
    "SharedoTypeSchemaSystemName": "matter",
    "Name": "Matter - Private Client - General",
    "ShortName": "PC.G",
    "Description": "For general private client matters",
    "DefaultTitleTokenString": null,
    "IconClass": "fa-balance-scale",
    "TileColour": "#00cc00",
    "CategoryOptionSetSystemName": "matter-private-client-general-work-types",
    "SharedoFormId": null,
    "CanEnableTimeEntry": false,
    "AllowsTimeEntry": true,
    "RequiresTimeEntry": false,
    "CanGenerateEmail": false,
    "RequiresHtmlSanitisation": false,
    "IsCoreCaseType": false,
    "EnableSecurityBarriers": false,
    "DefaultBillingCodeId": null,
    "GenerateBillingNotes": true,
    "BillingNotesGenerationTemplate": "This Time Entry was automatically created by Sharedo",
    "TimeStartsOnBladeOpen": false,
    "TimeStopsOnBladeClose": false,
    "TimeRecordingBladeStackBehaviourId": null,
    "DefaultTimeCategory": null,
    "IsActive": true,
    "IsAbstract": false,
    "ViewCommand": null,
    "OpenCommand": null,
    "CreateCommand": null
  },
  "PhasePlan": null,
  "Phases": [],
  "PhaseTransitions": [],
  "Relationships": [
    {
      "ParentSharedoTypeSystemName": "instruction-b2c-enquiry",
      "ChildSharedoTypeSystemName": "matter-private-client-general",
      "SharedoRelationshipTypeSystemName": "linked-case",
      "CanHaveManyChildren": false,
      "CanHaveManyParents": false,
      "Id": "e5d53ded-cffc-4e84-9fa1-9e4366a51b44"
    }
  ],
  "WorkScheduling": null,
  "OldEnabledFeatures": [],
  "FeatureFrameworkEntries": [
    {
      "SystemName": "SharedoTypePriority",
      "SharedoTypeSystemName": "matter-private-client-general",
      "PhaseSystemName": null,
      "Enabled": true,
      "Configuration": "{\"defaultPriorityId\":9001}"
    },
    {
      "SystemName": "JumpToPhaseSharedoType",
      "SharedoTypeSystemName": "matter-private-client-general",
      "PhaseSystemName": null,
      "Enabled": true,
      "Configuration": null
    },
    {
      "SystemName": "AutoCloseDescendantsPhaseFeature",
      "SharedoTypeSystemName": "matter-private-client-general",
      "PhaseSystemName": "matter-abandoned",
      "Enabled": true,
      "Configuration": null
    },
    {
      "SystemName": "AutoCloseDescendantsPhaseFeature",
      "SharedoTypeSystemName": "matter-private-client-general",
      "PhaseSystemName": "matter-deleted",
      "Enabled": true,
      "Configuration": null
    },
    {
      "SystemName": "AutoCloseDescendantsSharedoFeature",
      "SharedoTypeSystemName": "matter-private-client-general",
      "PhaseSystemName": null,
      "Enabled": true,
      "Configuration": null
    },
    {
      "SystemName": "CostingStructure",
      "SharedoTypeSystemName": "matter-private-client-general",
      "PhaseSystemName": null,
      "Enabled": true,
      "Configuration": "{\"details\":{\"templateId\":\"activity-only\"},\"trackingLevel\":{\"costStructureTrackingType\":\"single-cost-structure\"}}"
    },
    {
      "SystemName": "sharedo-type-add-to-my-cases",
      "SharedoTypeSystemName": "matter-private-client-general",
      "PhaseSystemName": null,
      "Enabled": true,
      "Configuration": null
    },
    {
      "SystemName": "AutoCloseDescendantsPhaseFeature",
      "SharedoTypeSystemName": "matter-private-client-general",
      "PhaseSystemName": "matter-closed",
      "Enabled": true,
      "Configuration": null
    },
    {
      "SystemName": "sharedo-type-portals",
      "SharedoTypeSystemName": "matter-private-client-general",
      "PhaseSystemName": null,
      "Enabled": true,
      "Configuration": null
    },
    {
      "SystemName": "sharedo-type-primary-container",
      "SharedoTypeSystemName": "matter-private-client-general",
      "PhaseSystemName": null,
      "Enabled": true,
      "Configuration": "{\"isParticipantsContainer\":true}"
    },
    {
      "SystemName": "FeeStructureSharedoType",
      "SharedoTypeSystemName": "matter-private-client-general",
      "PhaseSystemName": null,
      "Enabled": true,
      "Configuration": "{\"manageTemplateEnabled\":false,\"estimatesEnabled\":true,\"actualsEnabled\":true,\"complexFeesEnabled\":false}"
    }
  ],
  "FeatureFlagEntries": [
    {
      "FlagSystemName": "chronology-milestone",
      "SharedoTypeSystemName": "matter-private-client-general",
      "PhaseSystemName": "matter-handling",
      "Enabled": true,
      "Configuration": null
    },
    {
      "FlagSystemName": "chronology-milestone",
      "SharedoTypeSystemName": "matter-private-client-general",
      "PhaseSystemName": "matter-closed",
      "Enabled": true,
      "Configuration": null
    },
    {
      "FlagSystemName": "chronology-milestone",
      "SharedoTypeSystemName": "matter-private-client-general",
      "PhaseSystemName": "matter-abandoned",
      "Enabled": true,
      "Configuration": null
    },
    {
      "FlagSystemName": "chronology-milestone",
      "SharedoTypeSystemName": "matter-private-client-general",
      "PhaseSystemName": "matter-on-hold",
      "Enabled": true,
      "Configuration": null
    },
    {
      "FlagSystemName": "chronology-milestone",
      "SharedoTypeSystemName": "matter-private-client-general",
      "PhaseSystemName": "matter-discovery",
      "Enabled": true,
      "Configuration": null
    },
    {
      "FlagSystemName": "chronology-milestone",
      "SharedoTypeSystemName": "matter-private-client-general",
      "PhaseSystemName": "matter-closing",
      "Enabled": true,
      "Configuration": null
    }
  ],
  "SharedoTypeRoles": [
    {
      "SharedoTypeSystemName": "matter-private-client-general",
      "ParticipantRoleSystemName": "attorney",
      "CanHaveMultiple": true,
      "IsBillable": false,
      "IsMandatory": true,
      "IsRecommended": false,
      "IsManuallyAssignable": true,
      "IsActive": true,
      "CanBeBulkAssigned": false,
      "CanChange": true,
      "CanBeOrdered": false,
      "IncludeInReports": true,
      "ManageAsACaseTeamRole": false,
      "IsSecurityTeamRole": false,
      "IsCounterpartyRole": true,
      "RepresentedByDefaultOrg": false
    },
    {
      "SharedoTypeSystemName": "matter-private-client-general",
      "ParticipantRoleSystemName": "attorney-replacement",
      "CanHaveMultiple": true,
      "IsBillable": false,
      "IsMandatory": false,
      "IsRecommended": false,
      "IsManuallyAssignable": true,
      "IsActive": true,
      "CanBeBulkAssigned": false,
      "CanChange": true,
      "CanBeOrdered": false,
      "IncludeInReports": true,
      "ManageAsACaseTeamRole": false,
      "IsSecurityTeamRole": false,
      "IsCounterpartyRole": false,
      "RepresentedByDefaultOrg": false
    },
    {
      "SharedoTypeSystemName": "matter-private-client-general",
      "ParticipantRoleSystemName": "attorney-second",
      "CanHaveMultiple": true,
      "IsBillable": false,
      "IsMandatory": false,
      "IsRecommended": false,
      "IsManuallyAssignable": true,
      "IsActive": true,
      "CanBeBulkAssigned": false,
      "CanChange": true,
      "CanBeOrdered": false,
      "IncludeInReports": true,
      "ManageAsACaseTeamRole": false,
      "IsSecurityTeamRole": false,
      "IsCounterpartyRole": false,
      "RepresentedByDefaultOrg": false
    },
    {
      "SharedoTypeSystemName": "matter-private-client-general",
      "ParticipantRoleSystemName": "opg",
      "CanHaveMultiple": false,
      "IsBillable": false,
      "IsMandatory": false,
      "IsRecommended": false,
      "IsManuallyAssignable": true,
      "IsActive": true,
      "CanBeBulkAssigned": false,
      "CanChange": true,
      "CanBeOrdered": false,
      "IncludeInReports": true,
      "ManageAsACaseTeamRole": false,
      "IsSecurityTeamRole": false,
      "IsCounterpartyRole": false,
      "RepresentedByDefaultOrg": false
    }
  ],
  "RoleAssociations": [],
  "RoleSourcingRules": [
    {
      "SharedoTypeSystemName": "matter-private-client-general",
      "ParticipantRoleSystemName": "attorney",
      "CanSelectFromOds": true,
      "CanSelectFromSharedo": false,
      "CanSelectFromAncestors": false
    },
    {
      "SharedoTypeSystemName": "matter-private-client-general",
      "ParticipantRoleSystemName": "attorney-replacement",
      "CanSelectFromOds": true,
      "CanSelectFromSharedo": false,
      "CanSelectFromAncestors": false
    },
    {
      "SharedoTypeSystemName": "matter-private-client-general",
      "ParticipantRoleSystemName": "attorney-second",
      "CanSelectFromOds": true,
      "CanSelectFromSharedo": false,
      "CanSelectFromAncestors": false
    },
    {
      "SharedoTypeSystemName": "matter-private-client-general",
      "ParticipantRoleSystemName": "opg",
      "CanSelectFromOds": true,
      "CanSelectFromSharedo": false,
      "CanSelectFromAncestors": false
    }
  ],
  "RoleSourcingAncestorRestrictions": [],
  "RoleSourcingRoleRestrictions": [],
  "DataQualityRules": [],
  "Aspects": [
    {
      "SharedoTypeSystemName": "matter-private-client-general",
      "InheritedFromTypeSystemName": "matter",
      "Id": "08aea200-63f5-4570-8602-1516da03286c",
      "AspectDefinitionSystemName": "MatterJurisdiction",
      "Config": "{\"jurisdictionLabel\":\"Jurisdiction\",\"jurisdictionReadOnly\":true}",
      "WidgetConfig": null,
      "ZoneName": "top",
      "DisplayPriority": 10,
      "ViewPermissionSystemName": null,
      "UpdatePermissionSystemName": null
    },
    {
      "SharedoTypeSystemName": "matter-private-client-general",
      "InheritedFromTypeSystemName": "matter",
      "Id": "093e9df1-e0e7-458f-8d85-1fd1aa9052ee",
      "AspectDefinitionSystemName": "CommentNav",
      "Config": null,
      "WidgetConfig": null,
      "ZoneName": "footer",
      "DisplayPriority": 10,
      "ViewPermissionSystemName": null,
      "UpdatePermissionSystemName": null
    },
    {
      "SharedoTypeSystemName": "matter-private-client-general",
      "InheritedFromTypeSystemName": "matter",
      "Id": "4fbfb730-80cc-4133-a1a8-467188fa5483",
      "AspectDefinitionSystemName": "ActionPlanNav",
      "Config": null,
      "WidgetConfig": null,
      "ZoneName": "footer",
      "DisplayPriority": 30,
      "ViewPermissionSystemName": null,
      "UpdatePermissionSystemName": null
    },
    {
      "SharedoTypeSystemName": "matter-private-client-general",
      "InheritedFromTypeSystemName": "matter",
      "Id": "2301355b-5635-43fe-bdac-4fc89c12c7ac",
      "AspectDefinitionSystemName": "RibbonBar2",
      "Config": null,
      "WidgetConfig": null,
      "ZoneName": "header",
      "DisplayPriority": 0,
      "ViewPermissionSystemName": null,
      "UpdatePermissionSystemName": null
    },
    {
      "SharedoTypeSystemName": "matter-private-client-general",
      "InheritedFromTypeSystemName": null,
      "Id": "5240b9c6-a3ff-46d9-87a3-564580edcd07",
      "AspectDefinitionSystemName": "FormBuilder",
      "Config": "{\"formId\":\"36ef0949-39c2-490f-98a3-4280d56f9e85\",\"title\":\"PMS Reference\",\"icon\":null,\"displayStyle\":\"inline\",\"showTitle\":true}",
      "WidgetConfig": null,
      "ZoneName": "main",
      "DisplayPriority": 98,
      "ViewPermissionSystemName": null,
      "UpdatePermissionSystemName": null
    },
    {
      "SharedoTypeSystemName": "matter-private-client-general",
      "InheritedFromTypeSystemName": "matter",
      "Id": "d9489a94-184c-495a-b050-6c0df79f7412",
      "AspectDefinitionSystemName": "ParticipantNav",
      "Config": null,
      "WidgetConfig": null,
      "ZoneName": "footer",
      "DisplayPriority": 40,
      "ViewPermissionSystemName": null,
      "UpdatePermissionSystemName": null
    },
    {
      "SharedoTypeSystemName": "matter-private-client-general",
      "InheritedFromTypeSystemName": "matter",
      "Id": "0b8f9b7f-6770-4837-a7f8-a7faea88d7bd",
      "AspectDefinitionSystemName": "KeyDates",
      "Config": null,
      "WidgetConfig": null,
      "ZoneName": "bottom",
      "DisplayPriority": 0,
      "ViewPermissionSystemName": null,
      "UpdatePermissionSystemName": null
    },
    {
      "SharedoTypeSystemName": "matter-private-client-general",
      "InheritedFromTypeSystemName": null,
      "Id": "3eb4a45c-1298-41d8-96a4-aa0bf32880dd",
      "AspectDefinitionSystemName": "FormBuilder",
      "Config": "{\"formId\":\"58da7c0e-06c2-426b-974a-e3e7bfef339a\",\"title\":\"Risk\",\"icon\":null,\"displayStyle\":\"inline\",\"showTitle\":true}",
      "WidgetConfig": null,
      "ZoneName": "main",
      "DisplayPriority": 99,
      "ViewPermissionSystemName": null,
      "UpdatePermissionSystemName": null
    },
    {
      "SharedoTypeSystemName": "matter-private-client-general",
      "InheritedFromTypeSystemName": "matter",
      "Id": "a7fe6e01-f5db-4264-a329-cf6d14213def",
      "AspectDefinitionSystemName": "RepositoryExplorerNav",
      "Config": null,
      "WidgetConfig": null,
      "ZoneName": "footer",
      "DisplayPriority": 20,
      "ViewPermissionSystemName": null,
      "UpdatePermissionSystemName": null
    },
    {
      "SharedoTypeSystemName": "matter-private-client-general",
      "InheritedFromTypeSystemName": "matter",
      "Id": "9ed1f9c5-5906-44e7-9b89-e97e4670d5f5",
      "AspectDefinitionSystemName": "SharedoDetails",
      "Config": "{\r\n\t\t\t\"referenceLabel\": \"Reference\",\r\n\t\t\t\"showReference\": true,\r\n\t\t\t\"isReferenceMandatory\": true,\r\n\t\t\t\"titleLabel\": \"Title\",\r\n\t\t\t\"showTitle\": true,\r\n\t\t\t\"isTitleMandatory\": true,\r\n\t\t\t\"descriptionLabel\": \"Description\",\r\n\t\t\t\"showDescription\": true,\r\n\t\t\t\"isDescriptionMandatory\": false,\r\n\t\t\t\"refersToLabel\": \"Refers To\",\r\n\t\t\t\"showRefersTo\": false,\r\n\t\t\t\"showRefersToCard\": false,\r\n\t\t\t\"isRefersToMandatory\": false,\r\n\t\t\t\"openReferredAutomatically\": false,\r\n\t\t\t\"categoryLabel\": \"Sub-type\",\r\n\t\t\t\"showCategory\": true,\r\n\t\t\t\"isCategoryMandatory\": true\r\n\t\t}",
      "WidgetConfig": null,
      "ZoneName": "top",
      "DisplayPriority": 20,
      "ViewPermissionSystemName": null,
      "UpdatePermissionSystemName": null
    }
  ],
  "AspectStripingRules": [],
  "SharedoTypeRolePermissions": [
    {
      "SharedoTypeSystemName": "matter-private-client-general",
      "PermissionSystemName": "core.sharedo.participant.read",
      "ParticipantRoleSystemName": "client-read-only",
      "PhaseSystemName": null,
      "UserOnly": false,
      "Id": "78b6947d-6ee5-4b37-895d-62c437903d1d"
    },
    {
      "SharedoTypeSystemName": "matter-private-client-general",
      "PermissionSystemName": "core.read",
      "ParticipantRoleSystemName": "client-read-only",
      "PhaseSystemName": null,
      "UserOnly": false,
      "Id": "c8529a73-ad62-4113-9384-79f6162dadd2"
    },
    {
      "SharedoTypeSystemName": "matter-private-client-general",
      "PermissionSystemName": "core.sharedo.audit",
      "ParticipantRoleSystemName": "client-read-only",
      "PhaseSystemName": null,
      "UserOnly": false,
      "Id": "2fefce2a-a33b-4c1f-a0fb-c0d3aeeea16a"
    },
    {
      "SharedoTypeSystemName": "matter-private-client-general",
      "PermissionSystemName": "core.sharedo.participant.read",
      "ParticipantRoleSystemName": "contributor",
      "PhaseSystemName": null,
      "UserOnly": false,
      "Id": "98e40a8a-2fc2-4dbd-ab12-71e89b534a80"
    },
    {
      "SharedoTypeSystemName": "matter-private-client-general",
      "PermissionSystemName": "core.read",
      "ParticipantRoleSystemName": "contributor",
      "PhaseSystemName": null,
      "UserOnly": false,
      "Id": "bd6e9c31-7b0a-43bc-9d28-c10d6c4ce076"
    },
    {
      "SharedoTypeSystemName": "matter-private-client-general",
      "PermissionSystemName": "core.sharedo.progress.milestone",
      "ParticipantRoleSystemName": "contributor",
      "PhaseSystemName": null,
      "UserOnly": false,
      "Id": "0581f947-0394-493c-952f-c222708ea321"
    },
    {
      "SharedoTypeSystemName": "matter-private-client-general",
      "PermissionSystemName": "core.sharedo.participant.assign",
      "ParticipantRoleSystemName": "contributor",
      "PhaseSystemName": null,
      "UserOnly": false,
      "Id": "541f5f7f-c5bf-4058-9cd4-db8046b95dc4"
    },
    {
      "SharedoTypeSystemName": "matter-private-client-general",
      "PermissionSystemName": "core.sharedo.update",
      "ParticipantRoleSystemName": "contributor",
      "PhaseSystemName": null,
      "UserOnly": false,
      "Id": "6a21807b-4e6d-40bb-aae6-eca8cd272197"
    },
    {
      "SharedoTypeSystemName": "matter-private-client-general",
      "PermissionSystemName": "core.sharedo.audit",
      "ParticipantRoleSystemName": "contributor",
      "PhaseSystemName": null,
      "UserOnly": false,
      "Id": "37aca5dd-72d7-4cf3-b830-f5a070a9b64e"
    },
    {
      "SharedoTypeSystemName": "matter-private-client-general",
      "PermissionSystemName": "core.read",
      "ParticipantRoleSystemName": "creator",
      "PhaseSystemName": null,
      "UserOnly": false,
      "Id": "8e410887-6508-4956-837f-0f58d0f5acd6"
    },
    {
      "SharedoTypeSystemName": "matter-private-client-general",
      "PermissionSystemName": "core.sharedo.audit",
      "ParticipantRoleSystemName": "creator",
      "PhaseSystemName": null,
      "UserOnly": false,
      "Id": "6d1715cc-0d6f-4b26-83e6-3051bf652310"
    },
    {
      "SharedoTypeSystemName": "matter-private-client-general",
      "PermissionSystemName": "core.sharedo.participant.assign",
      "ParticipantRoleSystemName": "creator",
      "PhaseSystemName": null,
      "UserOnly": false,
      "Id": "00e1b231-ada0-463b-9ac1-4d14658f6d38"
    },
    {
      "SharedoTypeSystemName": "matter-private-client-general",
      "PermissionSystemName": "core.sharedo.update",
      "ParticipantRoleSystemName": "creator",
      "PhaseSystemName": null,
      "UserOnly": false,
      "Id": "c5efd6eb-6fbd-4f1a-b599-7a85ba244807"
    },
    {
      "SharedoTypeSystemName": "matter-private-client-general",
      "PermissionSystemName": "core.sharedo.progress.milestone",
      "ParticipantRoleSystemName": "creator",
      "PhaseSystemName": null,
      "UserOnly": false,
      "Id": "35bd437e-8b84-4c1c-aa8b-9e9ed836b2a6"
    },
    {
      "SharedoTypeSystemName": "matter-private-client-general",
      "PermissionSystemName": "core.sharedo.participant.read",
      "ParticipantRoleSystemName": "creator",
      "PhaseSystemName": null,
      "UserOnly": false,
      "Id": "110d43ed-b7df-4744-9bef-e3e9d0bacf76"
    },
    {
      "SharedoTypeSystemName": "matter-private-client-general",
      "PermissionSystemName": "core.sharedo.participant.assign",
      "ParticipantRoleSystemName": "matter-owner",
      "PhaseSystemName": null,
      "UserOnly": false,
      "Id": "98900de1-4c27-4b86-8297-6f4b7a0f102e"
    },
    {
      "SharedoTypeSystemName": "matter-private-client-general",
      "PermissionSystemName": "core.sharedo.progress.milestone",
      "ParticipantRoleSystemName": "matter-owner",
      "PhaseSystemName": null,
      "UserOnly": false,
      "Id": "1d82bddc-3ca2-4139-9920-98e767e56f83"
    },
    {
      "SharedoTypeSystemName": "matter-private-client-general",
      "PermissionSystemName": "core.read",
      "ParticipantRoleSystemName": "matter-owner",
      "PhaseSystemName": null,
      "UserOnly": false,
      "Id": "eb12301c-383d-4267-b0a8-a5e967492583"
    },
    {
      "SharedoTypeSystemName": "matter-private-client-general",
      "PermissionSystemName": "core.sharedo.participant.read",
      "ParticipantRoleSystemName": "matter-owner",
      "PhaseSystemName": null,
      "UserOnly": false,
      "Id": "a6081a8d-8714-423f-af3d-e8176c5e2c29"
    },
    {
      "SharedoTypeSystemName": "matter-private-client-general",
      "PermissionSystemName": "core.sharedo.audit",
      "ParticipantRoleSystemName": "matter-owner",
      "PhaseSystemName": null,
      "UserOnly": false,
      "Id": "37bda832-91d4-41bd-b850-f114efbdfb4d"
    },
    {
      "SharedoTypeSystemName": "matter-private-client-general",
      "PermissionSystemName": "core.sharedo.update",
      "ParticipantRoleSystemName": "matter-owner",
      "PhaseSystemName": null,
      "UserOnly": false,
      "Id": "9676897d-7e49-4d18-be34-fa7ba100266e"
    },
    {
      "SharedoTypeSystemName": "matter-private-client-general",
      "PermissionSystemName": "core.sharedo.progress.milestone",
      "ParticipantRoleSystemName": "primary-owner",
      "PhaseSystemName": null,
      "UserOnly": false,
      "Id": "c3506c2a-a7a0-4194-a457-1348fa21e59d"
    },
    {
      "SharedoTypeSystemName": "matter-private-client-general",
      "PermissionSystemName": "core.read",
      "ParticipantRoleSystemName": "primary-owner",
      "PhaseSystemName": null,
      "UserOnly": false,
      "Id": "8251ed11-1075-4538-8d95-534f61cf1c1a"
    },
    {
      "SharedoTypeSystemName": "matter-private-client-general",
      "PermissionSystemName": "core.sharedo.participant.read",
      "ParticipantRoleSystemName": "primary-owner",
      "PhaseSystemName": null,
      "UserOnly": false,
      "Id": "37ce66ff-8105-4bd6-8406-79e81de48778"
    },
    {
      "SharedoTypeSystemName": "matter-private-client-general",
      "PermissionSystemName": "core.sharedo.participant.assign",
      "ParticipantRoleSystemName": "primary-owner",
      "PhaseSystemName": null,
      "UserOnly": false,
      "Id": "d345016f-d2a7-4b39-a236-7a04bc06ae00"
    },
    {
      "SharedoTypeSystemName": "matter-private-client-general",
      "PermissionSystemName": "core.sharedo.update",
      "ParticipantRoleSystemName": "primary-owner",
      "PhaseSystemName": null,
      "UserOnly": false,
      "Id": "84451392-ce4d-4c43-bf02-86415fb6b5cf"
    },
    {
      "SharedoTypeSystemName": "matter-private-client-general",
      "PermissionSystemName": "core.sharedo.audit",
      "ParticipantRoleSystemName": "primary-owner",
      "PhaseSystemName": null,
      "UserOnly": false,
      "Id": "81ea3701-f555-4ea9-b48e-c1841a74a91b"
    },
    {
      "SharedoTypeSystemName": "matter-private-client-general",
      "PermissionSystemName": "core.sharedo.audit",
      "ParticipantRoleSystemName": "reader",
      "PhaseSystemName": null,
      "UserOnly": false,
      "Id": "f86c7a9d-2d7b-41d7-978c-26d1f9164af0"
    },
    {
      "SharedoTypeSystemName": "matter-private-client-general",
      "PermissionSystemName": "core.read",
      "ParticipantRoleSystemName": "reader",
      "PhaseSystemName": null,
      "UserOnly": false,
      "Id": "1dbc2905-5772-417d-af07-cb2cbf2af770"
    },
    {
      "SharedoTypeSystemName": "matter-private-client-general",
      "PermissionSystemName": "core.sharedo.participant.read",
      "ParticipantRoleSystemName": "reader",
      "PhaseSystemName": null,
      "UserOnly": false,
      "Id": "205bae74-5c9f-4c2b-8bce-f9b71143c116"
    }
  ],
  "SyncRules": [],
  "TitleGenerator": null,
  "ReferenceGenerator": null,
  "TypeScopeBindings": [
    {
      "Id": "c09b1b9f-bfaf-413f-9244-5175348bcb64",
      "SharedoTypeSystemName": "matter-private-client-general",
      "PhaseSystemName": null,
      "SearchScopeSystemName": "demo-documents-case"
    },
    {
      "Id": "d415f4d0-c80a-4610-a7a7-e13f1c2d89c3",
      "SharedoTypeSystemName": "matter-private-client-general",
      "PhaseSystemName": null,
      "SearchScopeSystemName": "legal-tasks-for-case"
    }
  ],
  "RoleScopeBindings": [
    {
      "Id": "36cbd599-5742-4fa9-be65-e994eb3ac539",
      "ParticipantRoleSystemName": "client",
      "SharedoTypeSystemName": "matter-private-client-general",
      "PhaseSystemName": null,
      "SearchScopeSystemName": "duplicate-search-client"
    }
  ],
  "Menus": [
    {
      "Id": "c44cb7a6-2531-40bd-b532-b11c00e70726",
      "MenuType": "ItemRibbonAdditionalPre",
      "ObjectType": "Sharedo",
      "ObjectTypeScope": "matter-private-client-general",
      "MegaMenuColumns": null,
      "MegaMenuDoubleWide": false,
      "MegaMenuSearch": null,
      "MegaMenuTitle": null,
      "MegaMenuIcon": null
    }
  ],
  "MenuItems": [
    {
      "Id": "8dddd5de-87f0-48aa-8729-b11c00e70726",
      "UserMenuId": "c44cb7a6-2531-40bd-b532-b11c00e70726",
      "ParentId": "12a14fa2-34d1-4849-a5bf-b11c00e70726",
      "DisplayOrder": 3,
      "Type": "Command",
      "Icon": "fa-money",
      "Title": "Add £500",
      "CommandSystemName": "trigger-plan",
      "CommandConfigurationJson": "{\n    \"planType\": \"visualWorkflow\",\n    \"planSystemName\": \"Demo-01---Add-transaction\",\n    \"stepSystemName\": \"main\",\n    \"planName\": \"Demo 01 - Add transaction\",\n    \"showConfirmationMessage\": true,\n    \"confirmationMessage\": \"Are you sure you want to add £500 to the PMS account for this matter?\",\n    \"showCompletionMessage\": true,\n    \"completionMessage\": \"Adding £500\",\n    \"processMeta\": \"{\\\"dataFields\\\":{\\\"workItemId\\\":\\\"ev.Data.sharedoId\\\"}}\"\n}",
      "ProviderSystemName": null,
      "ProviderConfigurationJson": null,
      "RequirePermissionType": "None",
      "RequirePermission": null,
      "RequirePhases": null,
      "RequirePersonas": null,
      "MegaMenuColumns": null,
      "MegaMenuDoubleWide": null,
      "MegaMenuSearch": null
    },
    {
      "Id": "6ba05cbb-882f-4f76-9e83-b11c00e70726",
      "UserMenuId": "c44cb7a6-2531-40bd-b532-b11c00e70726",
      "ParentId": "12a14fa2-34d1-4849-a5bf-b11c00e70726",
      "DisplayOrder": 1,
      "Type": "Command",
      "Icon": null,
      "Title": "Evaluate risk",
      "CommandSystemName": "trigger-plan",
      "CommandConfigurationJson": "{\n    \"planType\": \"visualWorkflow\",\n    \"planSystemName\": \"Demo-01---Risk\",\n    \"stepSystemName\": \"main\",\n    \"planName\": \"Demo 01 - Risk\",\n    \"showConfirmationMessage\": false,\n    \"confirmationMessage\": null,\n    \"showCompletionMessage\": true,\n    \"completionMessage\": \"Evaluating risk now\",\n    \"processMeta\": \"{\\\"dataFields\\\":{\\\"matterId\\\":\\\"ev.Data.sharedoId\\\"}}\"\n}",
      "ProviderSystemName": null,
      "ProviderConfigurationJson": null,
      "RequirePermissionType": "None",
      "RequirePermission": null,
      "RequirePhases": null,
      "RequirePersonas": null,
      "MegaMenuColumns": null,
      "MegaMenuDoubleWide": null,
      "MegaMenuSearch": null
    },
    {
      "Id": "3086e6a8-5567-49fb-9f94-b11c00e70726",
      "UserMenuId": "c44cb7a6-2531-40bd-b532-b11c00e70726",
      "ParentId": "12a14fa2-34d1-4849-a5bf-b11c00e70726",
      "DisplayOrder": 2,
      "Type": "Command",
      "Icon": null,
      "Title": "Get PMS Reference",
      "CommandSystemName": "trigger-plan",
      "CommandConfigurationJson": "{\n    \"planType\": \"visualWorkflow\",\n    \"planSystemName\": \"Demo-01---PMS-Onboarding\",\n    \"stepSystemName\": \"main\",\n    \"planName\": \"Demo 01 - PMS Onboarding\",\n    \"showConfirmationMessage\": false,\n    \"confirmationMessage\": null,\n    \"showCompletionMessage\": true,\n    \"completionMessage\": \"Sending to PMS\",\n    \"processMeta\": \"{\\\"dataFields\\\":{\\\"matterId\\\":\\\"ev.Data.sharedoId\\\"}}\"\n}",
      "ProviderSystemName": null,
      "ProviderConfigurationJson": null,
      "RequirePermissionType": "None",
      "RequirePermission": null,
      "RequirePhases": null,
      "RequirePersonas": null,
      "MegaMenuColumns": null,
      "MegaMenuDoubleWide": null,
      "MegaMenuSearch": null
    },
    {
      "Id": "12a14fa2-34d1-4849-a5bf-b11c00e70726",
      "UserMenuId": "c44cb7a6-2531-40bd-b532-b11c00e70726",
      "ParentId": null,
      "DisplayOrder": 1,
      "Type": "Category",
      "Icon": "fa-cog",
      "Title": "Demo 01",
      "CommandSystemName": null,
      "CommandConfigurationJson": null,
      "ProviderSystemName": null,
      "ProviderConfigurationJson": null,
      "RequirePermissionType": "None",
      "RequirePermission": null,
      "RequirePhases": null,
      "RequirePersonas": null,
      "MegaMenuColumns": 1,
      "MegaMenuDoubleWide": false,
      "MegaMenuSearch": true
    }
  ],
  "UiOperations": [],
  "Breadcrumbs": [],
  "CalculatedFields": [],
  "PhaseTransitionGuards": [],
  "KeyDateAssociations": [
    {
      "OwningType": "matter-private-client-general",
      "KeyDateType": "kd-instruction-date",
      "IsMandatory": false,
      "AllowMultiple": false,
      "AllowDetails": false,
      "AlwaysOnForm": true,
      "DateOnly": false,
      "DisplayCategoryId": "4eeb3447-90bc-41c4-a643-948662f54fa8",
      "DisplayOrder": 100,
      "UiConfig": null,
      "ParticipantRoleSystemName": null,
      "LinkedPhaseSystemName": null,
      "LinkedPhaseLinkType": null
    },
    {
      "OwningType": "matter-private-client-general",
      "KeyDateType": "kd-long-stop",
      "IsMandatory": false,
      "AllowMultiple": false,
      "AllowDetails": false,
      "AlwaysOnForm": true,
      "DateOnly": false,
      "DisplayCategoryId": "4eeb3447-90bc-41c4-a643-948662f54fa8",
      "DisplayOrder": 100,
      "UiConfig": null,
      "ParticipantRoleSystemName": null,
      "LinkedPhaseSystemName": null,
      "LinkedPhaseLinkType": null
    }
  ],
  "KeyDateAssociationCategories": [
    {
      "Id": "4eeb3447-90bc-41c4-a643-948662f54fa8",
      "Name": "Matter",
      "DisplayOrder": 500
    }
  ],
  "RoleMenus": [
    {
      "MenuId": "43a4ddb7-241d-4ddd-82f1-9a6cf6fde14b",
      "SharedoTypeSystemName": "matter-private-client-general",
      "ParticipantRoleSystemName": "attorney"
    },
    {
      "MenuId": "43a4ddb7-241d-4ddd-82f1-9a6cf6fde14b",
      "SharedoTypeSystemName": "matter-private-client-general",
      "ParticipantRoleSystemName": "attorney-replacement"
    },
    {
      "MenuId": "43a4ddb7-241d-4ddd-82f1-9a6cf6fde14b",
      "SharedoTypeSystemName": "matter-private-client-general",
      "ParticipantRoleSystemName": "attorney-second"
    },
    {
      "MenuId": "43a4ddb7-241d-4ddd-82f1-9a6cf6fde14b",
      "SharedoTypeSystemName": "matter-private-client-general",
      "ParticipantRoleSystemName": "opg"
    }
  ],
  "DynamicMenus": {
    "MenuContexts": [
      {
        "SystemName": "list-item-context",
        "Description": "A menu on an item in a list"
      }
    ],
    "Menus": [
      {
        "Id": "43a4ddb7-241d-4ddd-82f1-9a6cf6fde14b",
        "MenuContextSystemName": "list-item-context",
        "Description": "Context menu for a participant record"
      }
    ],
    "MenuOptions": [
      {
        "Id": "25014ac7-6c0c-4184-b239-02c329b5a222",
        "MenuId": "43a4ddb7-241d-4ddd-82f1-9a6cf6fde14b",
        "Type": "category",
        "Title": "Anti-Money Laundering",
        "IconClass": null,
        "DisplayOrder": 1600,
        "PermissionSystemName": null,
        "CommandSystemName": null,
        "ProviderSystemName": null,
        "ParentId": null,
        "BadgeJsInclude": null,
        "BadgeJsFunction": null,
        "BadgeIconClass": null,
        "BadgeListViewSystemName": null
      },
      {
        "Id": "ec45fc08-f2b4-4c62-9cc6-06ce8d0fb77e",
        "MenuId": "43a4ddb7-241d-4ddd-82f1-9a6cf6fde14b",
        "Type": "category",
        "Title": "Pinned Templates",
        "IconClass": null,
        "DisplayOrder": 1400,
        "PermissionSystemName": null,
        "CommandSystemName": null,
        "ProviderSystemName": null,
        "ParentId": null,
        "BadgeJsInclude": null,
        "BadgeJsFunction": null,
        "BadgeIconClass": null,
        "BadgeListViewSystemName": null
      },
      {
        "Id": "0cca8fe4-8dc3-4eb8-8666-4ecd3dd4f9d6",
        "MenuId": "43a4ddb7-241d-4ddd-82f1-9a6cf6fde14b",
        "Type": "category",
        "Title": "Activities",
        "IconClass": null,
        "DisplayOrder": 1300,
        "PermissionSystemName": null,
        "CommandSystemName": null,
        "ProviderSystemName": null,
        "ParentId": null,
        "BadgeJsInclude": null,
        "BadgeJsFunction": null,
        "BadgeIconClass": null,
        "BadgeListViewSystemName": null
      },
      {
        "Id": "14466fdf-8723-452a-a457-7de5724229b2",
        "MenuId": "43a4ddb7-241d-4ddd-82f1-9a6cf6fde14b",
        "Type": "provider",
        "Title": "AML actions provider",
        "IconClass": null,
        "DisplayOrder": 1700,
        "PermissionSystemName": null,
        "CommandSystemName": null,
        "ProviderSystemName": "aml-participant-search-menu-provider",
        "ParentId": "25014ac7-6c0c-4184-b239-02c329b5a222",
        "BadgeJsInclude": null,
        "BadgeJsFunction": null,
        "BadgeIconClass": null,
        "BadgeListViewSystemName": null
      },
      {
        "Id": "d8f78e0a-2e8d-4c3c-b2cf-8d11cdf757e5",
        "MenuId": "43a4ddb7-241d-4ddd-82f1-9a6cf6fde14b",
        "Type": "provider",
        "Title": "Pinned Templates",
        "IconClass": null,
        "DisplayOrder": 1400,
        "PermissionSystemName": null,
        "CommandSystemName": null,
        "ProviderSystemName": "participant-pinned-templates-provider",
        "ParentId": "ec45fc08-f2b4-4c62-9cc6-06ce8d0fb77e",
        "BadgeJsInclude": null,
        "BadgeJsFunction": null,
        "BadgeIconClass": null,
        "BadgeListViewSystemName": null
      },
      {
        "Id": "ebdeb37b-e028-404d-b32b-9fd168fa50e0",
        "MenuId": "43a4ddb7-241d-4ddd-82f1-9a6cf6fde14b",
        "Type": "category",
        "Title": "Searches",
        "IconClass": null,
        "DisplayOrder": 1500,
        "PermissionSystemName": null,
        "CommandSystemName": null,
        "ProviderSystemName": null,
        "ParentId": null,
        "BadgeJsInclude": null,
        "BadgeJsFunction": null,
        "BadgeIconClass": null,
        "BadgeListViewSystemName": null
      },
      {
        "Id": "3d81473a-18db-405a-95ef-a7d1d9ad4101",
        "MenuId": "43a4ddb7-241d-4ddd-82f1-9a6cf6fde14b",
        "Type": "provider",
        "Title": "Task Activity Menu Provider",
        "IconClass": null,
        "DisplayOrder": 1350,
        "PermissionSystemName": null,
        "CommandSystemName": null,
        "ProviderSystemName": "participant-activities-menu-provider",
        "ParentId": "0cca8fe4-8dc3-4eb8-8666-4ecd3dd4f9d6",
        "BadgeJsInclude": null,
        "BadgeJsFunction": null,
        "BadgeIconClass": null,
        "BadgeListViewSystemName": null
      },
      {
        "Id": "c8667d99-0345-479f-9f44-c2deeaeb4f7a",
        "MenuId": "43a4ddb7-241d-4ddd-82f1-9a6cf6fde14b",
        "Type": "provider",
        "Title": "Participant Actions Menu Provider",
        "IconClass": null,
        "DisplayOrder": 1200,
        "PermissionSystemName": null,
        "CommandSystemName": null,
        "ProviderSystemName": "participant-actions-menu-provider",
        "ParentId": "7021be46-9967-4634-bc2a-c783319df07b",
        "BadgeJsInclude": null,
        "BadgeJsFunction": null,
        "BadgeIconClass": null,
        "BadgeListViewSystemName": null
      },
      {
        "Id": "7021be46-9967-4634-bc2a-c783319df07b",
        "MenuId": "43a4ddb7-241d-4ddd-82f1-9a6cf6fde14b",
        "Type": "category",
        "Title": "Actions",
        "IconClass": null,
        "DisplayOrder": 1100,
        "PermissionSystemName": null,
        "CommandSystemName": null,
        "ProviderSystemName": null,
        "ParentId": null,
        "BadgeJsInclude": null,
        "BadgeJsFunction": null,
        "BadgeIconClass": null,
        "BadgeListViewSystemName": null
      },
      {
        "Id": "fe03668c-dda6-4acd-b9e9-e450beb3d0ac",
        "MenuId": "43a4ddb7-241d-4ddd-82f1-9a6cf6fde14b",
        "Type": "provider",
        "Title": "Search actions provider",
        "IconClass": null,
        "DisplayOrder": 1600,
        "PermissionSystemName": null,
        "CommandSystemName": null,
        "ProviderSystemName": "participant-search-menu-provider",
        "ParentId": "ebdeb37b-e028-404d-b32b-9fd168fa50e0",
        "BadgeJsInclude": null,
        "BadgeJsFunction": null,
        "BadgeIconClass": null,
        "BadgeListViewSystemName": null
      }
    ]
  },
  "ConventionalPermissions": [
    {
      "SystemName": "core.sharedo.create.matter-private-client-general",
      "Name": "Sharedo - Create - Matter Private Client General",
      "Description": "Create Permission for matter-private-client-general sharedo type",
      "SystemPermission": true,
      "ResourcePermission": false,
      "PermissionTypeSystemName": "sharedo",
      "IsCustom": true
    }
  ],
  "AspectPersonas": []
}