{
  "BaseSharedo": {
    "SystemName": "matter-private-client",
    "SystemNamePath": "/matter/matter-private-client/",
    "ParentSystemName": "matter",
    "SharedoTypeSchemaSystemName": "matter",
    "Name": "Matter - Private Client",
    "ShortName": "PC",
    "Description": "Provides management for private client work that otherwise sits outside of defined work types",
    "DefaultTitleTokenString": null,
    "IconClass": "fa-balance-scale",
    "TileColour": "#00cc00",
    "CategoryOptionSetSystemName": null,
    "SharedoFormId": null,
    "CanEnableTimeEntry": false,
    "AllowsTimeEntry": true,
    "RequiresTimeEntry": false,
    "CanGenerateEmail": false,
    "RequiresHtmlSanitisation": false,
    "IsCoreCaseType": false,
    "EnableSecurityBarriers": false,
    "DefaultBillingCodeId": null,
    "GenerateBillingNotes": true,
    "BillingNotesGenerationTemplate": "This Time Entry was automatically created by Sharedo",
    "TimeStartsOnBladeOpen": false,
    "TimeStopsOnBladeClose": false,
    "TimeRecordingBladeStackBehaviourId": null,
    "DefaultTimeCategory": null,
    "IsActive": true,
    "IsAbstract": true,
    "ViewCommand": null,
    "OpenCommand": null,
    "CreateCommand": null
  },
  "PhasePlan": null,
  "Phases": [],
  "PhaseTransitions": [],
  "Relationships": [],
  "WorkScheduling": null,
  "OldEnabledFeatures": [],
  "FeatureFrameworkEntries": [
    {
      "SystemName": "AutoCloseDescendantsSharedoFeature",
      "SharedoTypeSystemName": "matter-private-client",
      "PhaseSystemName": null,
      "Enabled": true,
      "Configuration": null
    },
    {
      "SystemName": "sharedo-type-portals",
      "SharedoTypeSystemName": "matter-private-client",
      "PhaseSystemName": null,
      "Enabled": true,
      "Configuration": null
    },
    {
      "SystemName": "AutoCloseDescendantsPhaseFeature",
      "SharedoTypeSystemName": "matter-private-client",
      "PhaseSystemName": "matter-abandoned",
      "Enabled": true,
      "Configuration": null
    },
    {
      "SystemName": "AutoCloseDescendantsPhaseFeature",
      "SharedoTypeSystemName": "matter-private-client",
      "PhaseSystemName": "matter-deleted",
      "Enabled": true,
      "Configuration": null
    },
    {
      "SystemName": "AutoCloseDescendantsPhaseFeature",
      "SharedoTypeSystemName": "matter-private-client",
      "PhaseSystemName": "matter-closed",
      "Enabled": true,
      "Configuration": null
    },
    {
      "SystemName": "SharedoTypePriority",
      "SharedoTypeSystemName": "matter-private-client",
      "PhaseSystemName": null,
      "Enabled": true,
      "Configuration": "{\"defaultPriorityId\":9001}"
    },
    {
      "SystemName": "sharedo-type-primary-container",
      "SharedoTypeSystemName": "matter-private-client",
      "PhaseSystemName": null,
      "Enabled": true,
      "Configuration": "{\"isParticipantsContainer\":true}"
    },
    {
      "SystemName": "JumpToPhaseSharedoType",
      "SharedoTypeSystemName": "matter-private-client",
      "PhaseSystemName": null,
      "Enabled": true,
      "Configuration": null
    },
    {
      "SystemName": "sharedo-type-add-to-my-cases",
      "SharedoTypeSystemName": "matter-private-client",
      "PhaseSystemName": null,
      "Enabled": true,
      "Configuration": null
    }
  ],
  "FeatureFlagEntries": [
    {
      "FlagSystemName": "chronology-milestone",
      "SharedoTypeSystemName": "matter-private-client",
      "PhaseSystemName": "matter-closed",
      "Enabled": true,
      "Configuration": null
    },
    {
      "FlagSystemName": "chronology-milestone",
      "SharedoTypeSystemName": "matter-private-client",
      "PhaseSystemName": "matter-handling",
      "Enabled": true,
      "Configuration": null
    },
    {
      "FlagSystemName": "chronology-milestone",
      "SharedoTypeSystemName": "matter-private-client",
      "PhaseSystemName": "matter-on-hold",
      "Enabled": true,
      "Configuration": null
    },
    {
      "FlagSystemName": "chronology-milestone",
      "SharedoTypeSystemName": "matter-private-client",
      "PhaseSystemName": "matter-abandoned",
      "Enabled": true,
      "Configuration": null
    },
    {
      "FlagSystemName": "chronology-milestone",
      "SharedoTypeSystemName": "matter-private-client",
      "PhaseSystemName": "matter-closing",
      "Enabled": true,
      "Configuration": null
    },
    {
      "FlagSystemName": "chronology-milestone",
      "SharedoTypeSystemName": "matter-private-client",
      "PhaseSystemName": "matter-discovery",
      "Enabled": true,
      "Configuration": null
    }
  ],
  "SharedoTypeRoles": [],
  "RoleAssociations": [],
  "RoleSourcingRules": [],
  "RoleSourcingAncestorRestrictions": [],
  "RoleSourcingRoleRestrictions": [],
  "DataQualityRules": [],
  "Aspects": [
    {
      "SharedoTypeSystemName": "matter-private-client",
      "InheritedFromTypeSystemName": "matter",
      "Id": "d23d3ece-31e8-4e11-8942-522bebdd1aaa",
      "AspectDefinitionSystemName": "SharedoDetails",
      "Config": "{\r\n\t\t\t\"referenceLabel\": \"Reference\",\r\n\t\t\t\"showReference\": true,\r\n\t\t\t\"isReferenceMandatory\": true,\r\n\t\t\t\"titleLabel\": \"Title\",\r\n\t\t\t\"showTitle\": true,\r\n\t\t\t\"isTitleMandatory\": true,\r\n\t\t\t\"descriptionLabel\": \"Description\",\r\n\t\t\t\"showDescription\": true,\r\n\t\t\t\"isDescriptionMandatory\": false,\r\n\t\t\t\"refersToLabel\": \"Refers To\",\r\n\t\t\t\"showRefersTo\": false,\r\n\t\t\t\"showRefersToCard\": false,\r\n\t\t\t\"isRefersToMandatory\": false,\r\n\t\t\t\"openReferredAutomatically\": false,\r\n\t\t\t\"categoryLabel\": \"Sub-type\",\r\n\t\t\t\"showCategory\": true,\r\n\t\t\t\"isCategoryMandatory\": true\r\n\t\t}",
      "WidgetConfig": null,
      "ZoneName": "top",
      "DisplayPriority": 20,
      "ViewPermissionSystemName": null,
      "UpdatePermissionSystemName": null
    },
    {
      "SharedoTypeSystemName": "matter-private-client",
      "InheritedFromTypeSystemName": "matter",
      "Id": "d4388838-cfec-463c-8996-ab8500e622bc",
      "AspectDefinitionSystemName": "KeyDates",
      "Config": null,
      "WidgetConfig": null,
      "ZoneName": "bottom",
      "DisplayPriority": 0,
      "ViewPermissionSystemName": null,
      "UpdatePermissionSystemName": null
    },
    {
      "SharedoTypeSystemName": "matter-private-client",
      "InheritedFromTypeSystemName": "matter",
      "Id": "fda055b4-cb9e-448f-8a97-ab8500e622bc",
      "AspectDefinitionSystemName": "CommentNav",
      "Config": null,
      "WidgetConfig": null,
      "ZoneName": "footer",
      "DisplayPriority": 10,
      "ViewPermissionSystemName": null,
      "UpdatePermissionSystemName": null
    },
    {
      "SharedoTypeSystemName": "matter-private-client",
      "InheritedFromTypeSystemName": "matter",
      "Id": "1f7d0ba0-d822-44ec-8c57-ab8500e622bc",
      "AspectDefinitionSystemName": "RibbonBar2",
      "Config": null,
      "WidgetConfig": null,
      "ZoneName": "header",
      "DisplayPriority": 0,
      "ViewPermissionSystemName": null,
      "UpdatePermissionSystemName": null
    },
    {
      "SharedoTypeSystemName": "matter-private-client",
      "InheritedFromTypeSystemName": "matter",
      "Id": "261f7eb0-64b7-4058-9c1b-ab8500e622bc",
      "AspectDefinitionSystemName": "MatterJurisdiction",
      "Config": "{\"jurisdictionLabel\":\"Jurisdiction\",\"jurisdictionReadOnly\":true}",
      "WidgetConfig": null,
      "ZoneName": "top",
      "DisplayPriority": 10,
      "ViewPermissionSystemName": null,
      "UpdatePermissionSystemName": null
    },
    {
      "SharedoTypeSystemName": "matter-private-client",
      "InheritedFromTypeSystemName": "matter",
      "Id": "fa75e67e-a98b-4573-a217-ab8500e622bc",
      "AspectDefinitionSystemName": "ParticipantNav",
      "Config": null,
      "WidgetConfig": null,
      "ZoneName": "footer",
      "DisplayPriority": 40,
      "ViewPermissionSystemName": null,
      "UpdatePermissionSystemName": null
    },
    {
      "SharedoTypeSystemName": "matter-private-client",
      "InheritedFromTypeSystemName": "matter",
      "Id": "9c544174-8408-41fb-a8fa-ab8500e622bc",
      "AspectDefinitionSystemName": "RepositoryExplorerNav",
      "Config": null,
      "WidgetConfig": null,
      "ZoneName": "footer",
      "DisplayPriority": 20,
      "ViewPermissionSystemName": null,
      "UpdatePermissionSystemName": null
    },
    {
      "SharedoTypeSystemName": "matter-private-client",
      "InheritedFromTypeSystemName": "matter",
      "Id": "1248be90-2098-4a51-b905-ab8500e622bc",
      "AspectDefinitionSystemName": "ActionPlanNav",
      "Config": null,
      "WidgetConfig": null,
      "ZoneName": "footer",
      "DisplayPriority": 30,
      "ViewPermissionSystemName": null,
      "UpdatePermissionSystemName": null
    }
  ],
  "AspectStripingRules": [],
  "SharedoTypeRolePermissions": [
    {
      "SharedoTypeSystemName": "matter-private-client",
      "PermissionSystemName": "core.read",
      "ParticipantRoleSystemName": "client-read-only",
      "PhaseSystemName": null,
      "UserOnly": false,
      "Id": "c7c1f0f2-02c0-4211-86ab-2d53735b44bc"
    },
    {
      "SharedoTypeSystemName": "matter-private-client",
      "PermissionSystemName": "core.sharedo.participant.read",
      "ParticipantRoleSystemName": "client-read-only",
      "PhaseSystemName": null,
      "UserOnly": false,
      "Id": "6b5638bd-ffc8-4e23-b299-4f5568086884"
    },
    {
      "SharedoTypeSystemName": "matter-private-client",
      "PermissionSystemName": "core.sharedo.audit",
      "ParticipantRoleSystemName": "client-read-only",
      "PhaseSystemName": null,
      "UserOnly": false,
      "Id": "64eca107-7f14-4376-9ae3-761b39702d3b"
    },
    {
      "SharedoTypeSystemName": "matter-private-client",
      "PermissionSystemName": "core.sharedo.participant.read",
      "ParticipantRoleSystemName": "contributor",
      "PhaseSystemName": null,
      "UserOnly": false,
      "Id": "0a78688a-c761-4a9c-971d-0129fbd399be"
    },
    {
      "SharedoTypeSystemName": "matter-private-client",
      "PermissionSystemName": "core.sharedo.update",
      "ParticipantRoleSystemName": "contributor",
      "PhaseSystemName": null,
      "UserOnly": false,
      "Id": "2488b478-5e9f-442f-b19f-096a5086aac4"
    },
    {
      "SharedoTypeSystemName": "matter-private-client",
      "PermissionSystemName": "core.read",
      "ParticipantRoleSystemName": "contributor",
      "PhaseSystemName": null,
      "UserOnly": false,
      "Id": "46380fcc-f137-4905-a1d9-2507b03f8c1c"
    },
    {
      "SharedoTypeSystemName": "matter-private-client",
      "PermissionSystemName": "core.sharedo.audit",
      "ParticipantRoleSystemName": "contributor",
      "PhaseSystemName": null,
      "UserOnly": false,
      "Id": "88bd7ff4-d42c-452b-972e-7b036e96b9a5"
    },
    {
      "SharedoTypeSystemName": "matter-private-client",
      "PermissionSystemName": "core.sharedo.progress.milestone",
      "ParticipantRoleSystemName": "contributor",
      "PhaseSystemName": null,
      "UserOnly": false,
      "Id": "d6fb2417-3e54-44be-a836-a93a48d4d2a7"
    },
    {
      "SharedoTypeSystemName": "matter-private-client",
      "PermissionSystemName": "core.sharedo.participant.assign",
      "ParticipantRoleSystemName": "contributor",
      "PhaseSystemName": null,
      "UserOnly": false,
      "Id": "f2f667a8-3ca5-4b51-ad5a-fa66b1e6ff23"
    },
    {
      "SharedoTypeSystemName": "matter-private-client",
      "PermissionSystemName": "core.sharedo.participant.read",
      "ParticipantRoleSystemName": "creator",
      "PhaseSystemName": null,
      "UserOnly": false,
      "Id": "e09287df-74be-466d-a784-01bdf5f91799"
    },
    {
      "SharedoTypeSystemName": "matter-private-client",
      "PermissionSystemName": "core.sharedo.update",
      "ParticipantRoleSystemName": "creator",
      "PhaseSystemName": null,
      "UserOnly": false,
      "Id": "44394e8e-8862-4e2d-916b-8d4ac63d5030"
    },
    {
      "SharedoTypeSystemName": "matter-private-client",
      "PermissionSystemName": "core.sharedo.participant.assign",
      "ParticipantRoleSystemName": "creator",
      "PhaseSystemName": null,
      "UserOnly": false,
      "Id": "2e2f0b26-0d28-4d41-9a3a-98673879cf77"
    },
    {
      "SharedoTypeSystemName": "matter-private-client",
      "PermissionSystemName": "core.read",
      "ParticipantRoleSystemName": "creator",
      "PhaseSystemName": null,
      "UserOnly": false,
      "Id": "eca4eb6f-1aba-432d-a204-a14fb4a4945c"
    },
    {
      "SharedoTypeSystemName": "matter-private-client",
      "PermissionSystemName": "core.sharedo.audit",
      "ParticipantRoleSystemName": "creator",
      "PhaseSystemName": null,
      "UserOnly": false,
      "Id": "d353c688-b4a4-42b3-bd25-cdf430f30a31"
    },
    {
      "SharedoTypeSystemName": "matter-private-client",
      "PermissionSystemName": "core.sharedo.progress.milestone",
      "ParticipantRoleSystemName": "creator",
      "PhaseSystemName": null,
      "UserOnly": false,
      "Id": "8f17935b-f2b0-460c-ac39-e483ee08a655"
    },
    {
      "SharedoTypeSystemName": "matter-private-client",
      "PermissionSystemName": "core.sharedo.progress.milestone",
      "ParticipantRoleSystemName": "matter-owner",
      "PhaseSystemName": null,
      "UserOnly": false,
      "Id": "d0d4d2af-3c1a-40a2-b06d-0848fd910caf"
    },
    {
      "SharedoTypeSystemName": "matter-private-client",
      "PermissionSystemName": "core.sharedo.participant.assign",
      "ParticipantRoleSystemName": "matter-owner",
      "PhaseSystemName": null,
      "UserOnly": false,
      "Id": "0902d26f-aab1-49c2-85ca-0b3c73558e96"
    },
    {
      "SharedoTypeSystemName": "matter-private-client",
      "PermissionSystemName": "core.read",
      "ParticipantRoleSystemName": "matter-owner",
      "PhaseSystemName": null,
      "UserOnly": false,
      "Id": "fddca356-7273-4f37-8afd-572934e78ae8"
    },
    {
      "SharedoTypeSystemName": "matter-private-client",
      "PermissionSystemName": "core.sharedo.participant.read",
      "ParticipantRoleSystemName": "matter-owner",
      "PhaseSystemName": null,
      "UserOnly": false,
      "Id": "93de05aa-e61f-4436-bd05-87ee12f86b2f"
    },
    {
      "SharedoTypeSystemName": "matter-private-client",
      "PermissionSystemName": "core.sharedo.update",
      "ParticipantRoleSystemName": "matter-owner",
      "PhaseSystemName": null,
      "UserOnly": false,
      "Id": "ad1155ec-9e6f-4785-9f11-a6a369585f73"
    },
    {
      "SharedoTypeSystemName": "matter-private-client",
      "PermissionSystemName": "core.sharedo.audit",
      "ParticipantRoleSystemName": "matter-owner",
      "PhaseSystemName": null,
      "UserOnly": false,
      "Id": "831f8538-0524-40b1-866d-b7104a5c4d16"
    },
    {
      "SharedoTypeSystemName": "matter-private-client",
      "PermissionSystemName": "core.sharedo.participant.read",
      "ParticipantRoleSystemName": "primary-owner",
      "PhaseSystemName": null,
      "UserOnly": false,
      "Id": "3b4aca23-cc67-4769-8dee-58811c5df1cb"
    },
    {
      "SharedoTypeSystemName": "matter-private-client",
      "PermissionSystemName": "core.sharedo.progress.milestone",
      "ParticipantRoleSystemName": "primary-owner",
      "PhaseSystemName": null,
      "UserOnly": false,
      "Id": "a1dbdcb9-83af-4494-8d93-774a829104f7"
    },
    {
      "SharedoTypeSystemName": "matter-private-client",
      "PermissionSystemName": "core.sharedo.audit",
      "ParticipantRoleSystemName": "primary-owner",
      "PhaseSystemName": null,
      "UserOnly": false,
      "Id": "3b24a5a7-5320-440f-8073-bc5b5b6a4ee8"
    },
    {
      "SharedoTypeSystemName": "matter-private-client",
      "PermissionSystemName": "core.sharedo.update",
      "ParticipantRoleSystemName": "primary-owner",
      "PhaseSystemName": null,
      "UserOnly": false,
      "Id": "9a6414f3-8b28-4685-aa71-c1f8b1d93906"
    },
    {
      "SharedoTypeSystemName": "matter-private-client",
      "PermissionSystemName": "core.sharedo.participant.assign",
      "ParticipantRoleSystemName": "primary-owner",
      "PhaseSystemName": null,
      "UserOnly": false,
      "Id": "363e5a2f-d024-45fc-b49a-c20dc17b3574"
    },
    {
      "SharedoTypeSystemName": "matter-private-client",
      "PermissionSystemName": "core.read",
      "ParticipantRoleSystemName": "primary-owner",
      "PhaseSystemName": null,
      "UserOnly": false,
      "Id": "36353e25-4931-49f4-9b93-fcf223a84cb4"
    },
    {
      "SharedoTypeSystemName": "matter-private-client",
      "PermissionSystemName": "core.sharedo.participant.read",
      "ParticipantRoleSystemName": "reader",
      "PhaseSystemName": null,
      "UserOnly": false,
      "Id": "b2cdbafc-3195-407e-b018-baee5ebcbab0"
    },
    {
      "SharedoTypeSystemName": "matter-private-client",
      "PermissionSystemName": "core.sharedo.audit",
      "ParticipantRoleSystemName": "reader",
      "PhaseSystemName": null,
      "UserOnly": false,
      "Id": "5fc3bbea-b9ba-4fb9-800f-d76dca3fead4"
    },
    {
      "SharedoTypeSystemName": "matter-private-client",
      "PermissionSystemName": "core.read",
      "ParticipantRoleSystemName": "reader",
      "PhaseSystemName": null,
      "UserOnly": false,
      "Id": "de245eb3-0352-4b6e-bc74-fe9f238f7330"
    }
  ],
  "SyncRules": [],
  "TitleGenerator": null,
  "ReferenceGenerator": null,
  "TypeScopeBindings": [],
  "RoleScopeBindings": [],
  "Menus": [],
  "MenuItems": [],
  "UiOperations": [],
  "Breadcrumbs": [],
  "CalculatedFields": [],
  "PhaseTransitionGuards": [],
  "KeyDateAssociations": [],
  "KeyDateAssociationCategories": [],
  "RoleMenus": [],
  "DynamicMenus": {
    "MenuContexts": [],
    "Menus": [],
    "MenuOptions": []
  },
  "ConventionalPermissions": [
    {
      "SystemName": "core.sharedo.create.matter-private-client",
      "Name": "Sharedo - Create - Matter Private Client",
      "Description": "Create Permission for matter-private-client sharedo type",
      "SystemPermission": true,
      "ResourcePermission": false,
      "PermissionTypeSystemName": "sharedo",
      "IsCustom": true
    }
  ],
  "AspectPersonas": []
}