{
  "BaseSharedo": {
    "SystemName": "task-search",
    "SystemNamePath": "/task/task-search/",
    "ParentSystemName": "task",
    "SharedoTypeSchemaSystemName": "task",
    "Name": "Compliance search task",
    "ShortName": null,
    "Description": "A process driven search task used for compliance based searches",
    "DefaultTitleTokenString": null,
    "IconClass": "fa-search",
    "TileColour": null,
    "CategoryOptionSetSystemName": null,
    "SharedoFormId": null,
    "CanEnableTimeEntry": true,
    "AllowsTimeEntry": true,
    "RequiresTimeEntry": false,
    "CanGenerateEmail": false,
    "RequiresHtmlSanitisation": false,
    "IsCoreCaseType": true,
    "EnableSecurityBarriers": false,
    "DefaultBillingCodeId": null,
    "GenerateBillingNotes": false,
    "BillingNotesGenerationTemplate": null,
    "TimeStartsOnBladeOpen": false,
    "TimeStopsOnBladeClose": false,
    "TimeRecordingBladeStackBehaviourId": null,
    "DefaultTimeCategory": null,
    "IsActive": true,
    "IsAbstract": true,
    "ViewCommand": "edit-search-task",
    "OpenCommand": "edit-search-task",
    "CreateCommand": null
  },
  "PhasePlan": {
    "SystemName": "task-search-states",
    "SharedoTypeSystemName": "task-search",
    "Name": "Task based searching state model",
    "IsPrimaryState": true,
    "SystemClosedPhaseSystemName": "task-search-states-system-closed",
    "GraphLayout": null
  },
  "Phases": [
    {
      "SystemName": "task-search-deleted",
      "PhasePlanSystemName": "task-search-states",
      "Name": "Deleted",
      "Description": "Search deleted",
      "ShortName": "Deleted",
      "IconClass": "fa-trash text-danger",
      "Colour": null,
      "IsStart": false,
      "IsOpen": false,
      "IsRemoved": true,
      "ExpectedDurationSeconds": 86400,
      "MeaningCode": null,
      "DisplayOrder": 6000,
      "IsReportable": true,
      "IncludeInLifecycleCalculations": false
    },
    {
      "SystemName": "task-search-error",
      "PhasePlanSystemName": "task-search-states",
      "Name": "Error",
      "Description": "Search failed with error",
      "ShortName": "Error",
      "IconClass": "fa-exclamation-circle text-danger",
      "Colour": null,
      "IsStart": false,
      "IsOpen": true,
      "IsRemoved": false,
      "ExpectedDurationSeconds": 86400,
      "MeaningCode": null,
      "DisplayOrder": 5000,
      "IsReportable": true,
      "IncludeInLifecycleCalculations": false
    },
    {
      "SystemName": "task-search-execute",
      "PhasePlanSystemName": "task-search-states",
      "Name": "Executing",
      "Description": "The search is being executed",
      "ShortName": "Executing",
      "IconClass": "fa-cogs",
      "Colour": null,
      "IsStart": false,
      "IsOpen": true,
      "IsRemoved": false,
      "ExpectedDurationSeconds": 86400,
      "MeaningCode": null,
      "DisplayOrder": 2000,
      "IsReportable": true,
      "IncludeInLifecycleCalculations": true
    },
    {
      "SystemName": "task-search-failed",
      "PhasePlanSystemName": "task-search-states",
      "Name": "Failed",
      "Description": "Search failed",
      "ShortName": "Failed",
      "IconClass": "fa-exclamation-triangle text-danger",
      "Colour": null,
      "IsStart": false,
      "IsOpen": false,
      "IsRemoved": false,
      "ExpectedDurationSeconds": 86400,
      "MeaningCode": null,
      "DisplayOrder": 8000,
      "IsReportable": true,
      "IncludeInLifecycleCalculations": false
    },
    {
      "SystemName": "task-search-investigation",
      "PhasePlanSystemName": "task-search-states",
      "Name": "Investigation",
      "Description": "Results being investigated",
      "ShortName": "Investigation",
      "IconClass": "fa-search-plus",
      "Colour": null,
      "IsStart": false,
      "IsOpen": true,
      "IsRemoved": false,
      "ExpectedDurationSeconds": 86400,
      "MeaningCode": null,
      "DisplayOrder": 4000,
      "IsReportable": true,
      "IncludeInLifecycleCalculations": true
    },
    {
      "SystemName": "task-search-new",
      "PhasePlanSystemName": "task-search-states",
      "Name": "New",
      "Description": "A new search",
      "ShortName": "New",
      "IconClass": "fa-search",
      "Colour": null,
      "IsStart": true,
      "IsOpen": true,
      "IsRemoved": false,
      "ExpectedDurationSeconds": 86400,
      "MeaningCode": null,
      "DisplayOrder": 1000,
      "IsReportable": true,
      "IncludeInLifecycleCalculations": true
    },
    {
      "SystemName": "task-search-passed",
      "PhasePlanSystemName": "task-search-states",
      "Name": "Passed",
      "Description": "Search passed",
      "ShortName": "Passed",
      "IconClass": "fa-check-square-o text-success",
      "Colour": null,
      "IsStart": false,
      "IsOpen": false,
      "IsRemoved": false,
      "ExpectedDurationSeconds": 86400,
      "MeaningCode": null,
      "DisplayOrder": 7000,
      "IsReportable": true,
      "IncludeInLifecycleCalculations": false
    },
    {
      "SystemName": "task-search-review",
      "PhasePlanSystemName": "task-search-states",
      "Name": "Review",
      "Description": "Results being reviewed",
      "ShortName": "Review",
      "IconClass": "fa-search",
      "Colour": null,
      "IsStart": false,
      "IsOpen": true,
      "IsRemoved": false,
      "ExpectedDurationSeconds": 86400,
      "MeaningCode": null,
      "DisplayOrder": 3000,
      "IsReportable": true,
      "IncludeInLifecycleCalculations": true
    },
    {
      "SystemName": "task-search-states-system-closed",
      "PhasePlanSystemName": "task-search-states",
      "Name": "System Closed",
      "Description": "Automatically closed by system",
      "ShortName": "System Closed",
      "IconClass": "fa-folder",
      "Colour": null,
      "IsStart": false,
      "IsOpen": false,
      "IsRemoved": false,
      "ExpectedDurationSeconds": null,
      "MeaningCode": null,
      "DisplayOrder": null,
      "IsReportable": true,
      "IncludeInLifecycleCalculations": true
    }
  ],
  "PhaseTransitions": [
    {
      "SystemName": "task-search-error-delete",
      "FromPhaseSystemName": "task-search-error",
      "ToPhaseSystemName": "task-search-deleted",
      "Name": "Delete",
      "Description": null,
      "TransitionWaitTimeSeconds": null,
      "IsOptimumPath": false,
      "IsUserDriven": true,
      "ReasonOptionSetName": null,
      "CloseUI": true,
      "CloseUIAction": null,
      "AlwaysShowPhaseChangeInformation": false,
      "ReasonIsMandatory": false
    },
    {
      "SystemName": "task-search-error-execute",
      "FromPhaseSystemName": "task-search-error",
      "ToPhaseSystemName": "task-search-execute",
      "Name": "Retry",
      "Description": null,
      "TransitionWaitTimeSeconds": null,
      "IsOptimumPath": true,
      "IsUserDriven": true,
      "ReasonOptionSetName": null,
      "CloseUI": true,
      "CloseUIAction": null,
      "AlwaysShowPhaseChangeInformation": false,
      "ReasonIsMandatory": false
    },
    {
      "SystemName": "task-search-execute-error",
      "FromPhaseSystemName": "task-search-execute",
      "ToPhaseSystemName": "task-search-error",
      "Name": "Error",
      "Description": null,
      "TransitionWaitTimeSeconds": null,
      "IsOptimumPath": false,
      "IsUserDriven": false,
      "ReasonOptionSetName": null,
      "CloseUI": false,
      "CloseUIAction": null,
      "AlwaysShowPhaseChangeInformation": false,
      "ReasonIsMandatory": false
    },
    {
      "SystemName": "task-search-execute-passed",
      "FromPhaseSystemName": "task-search-execute",
      "ToPhaseSystemName": "task-search-passed",
      "Name": "Pass",
      "Description": null,
      "TransitionWaitTimeSeconds": null,
      "IsOptimumPath": true,
      "IsUserDriven": false,
      "ReasonOptionSetName": null,
      "CloseUI": true,
      "CloseUIAction": null,
      "AlwaysShowPhaseChangeInformation": false,
      "ReasonIsMandatory": false
    },
    {
      "SystemName": "task-search-execute-review",
      "FromPhaseSystemName": "task-search-execute",
      "ToPhaseSystemName": "task-search-review",
      "Name": "Fail",
      "Description": null,
      "TransitionWaitTimeSeconds": null,
      "IsOptimumPath": false,
      "IsUserDriven": false,
      "ReasonOptionSetName": null,
      "CloseUI": false,
      "CloseUIAction": null,
      "AlwaysShowPhaseChangeInformation": false,
      "ReasonIsMandatory": false
    },
    {
      "SystemName": "task-search-investigate-failed",
      "FromPhaseSystemName": "task-search-investigation",
      "ToPhaseSystemName": "task-search-failed",
      "Name": "Fail",
      "Description": null,
      "TransitionWaitTimeSeconds": null,
      "IsOptimumPath": false,
      "IsUserDriven": true,
      "ReasonOptionSetName": null,
      "CloseUI": true,
      "CloseUIAction": null,
      "AlwaysShowPhaseChangeInformation": false,
      "ReasonIsMandatory": false
    },
    {
      "SystemName": "task-search-investigate-passed",
      "FromPhaseSystemName": "task-search-investigation",
      "ToPhaseSystemName": "task-search-passed",
      "Name": "Pass",
      "Description": null,
      "TransitionWaitTimeSeconds": null,
      "IsOptimumPath": true,
      "IsUserDriven": true,
      "ReasonOptionSetName": null,
      "CloseUI": true,
      "CloseUIAction": null,
      "AlwaysShowPhaseChangeInformation": false,
      "ReasonIsMandatory": false
    },
    {
      "SystemName": "task-search-new-execute",
      "FromPhaseSystemName": "task-search-new",
      "ToPhaseSystemName": "task-search-execute",
      "Name": "Execute",
      "Description": null,
      "TransitionWaitTimeSeconds": null,
      "IsOptimumPath": true,
      "IsUserDriven": true,
      "ReasonOptionSetName": null,
      "CloseUI": true,
      "CloseUIAction": null,
      "AlwaysShowPhaseChangeInformation": false,
      "ReasonIsMandatory": false
    },
    {
      "SystemName": "task-search-review-execute",
      "FromPhaseSystemName": "task-search-review",
      "ToPhaseSystemName": "task-search-execute",
      "Name": "Re-run",
      "Description": null,
      "TransitionWaitTimeSeconds": null,
      "IsOptimumPath": false,
      "IsUserDriven": true,
      "ReasonOptionSetName": null,
      "CloseUI": true,
      "CloseUIAction": null,
      "AlwaysShowPhaseChangeInformation": false,
      "ReasonIsMandatory": false
    },
    {
      "SystemName": "task-search-review-failed",
      "FromPhaseSystemName": "task-search-review",
      "ToPhaseSystemName": "task-search-failed",
      "Name": "Fail",
      "Description": null,
      "TransitionWaitTimeSeconds": null,
      "IsOptimumPath": false,
      "IsUserDriven": true,
      "ReasonOptionSetName": null,
      "CloseUI": true,
      "CloseUIAction": null,
      "AlwaysShowPhaseChangeInformation": false,
      "ReasonIsMandatory": false
    },
    {
      "SystemName": "task-search-review-investigate",
      "FromPhaseSystemName": "task-search-review",
      "ToPhaseSystemName": "task-search-investigation",
      "Name": "Investigation",
      "Description": null,
      "TransitionWaitTimeSeconds": null,
      "IsOptimumPath": false,
      "IsUserDriven": true,
      "ReasonOptionSetName": null,
      "CloseUI": true,
      "CloseUIAction": null,
      "AlwaysShowPhaseChangeInformation": false,
      "ReasonIsMandatory": false
    },
    {
      "SystemName": "task-search-review-passed",
      "FromPhaseSystemName": "task-search-review",
      "ToPhaseSystemName": "task-search-passed",
      "Name": "Pass",
      "Description": null,
      "TransitionWaitTimeSeconds": null,
      "IsOptimumPath": true,
      "IsUserDriven": true,
      "ReasonOptionSetName": null,
      "CloseUI": true,
      "CloseUIAction": null,
      "AlwaysShowPhaseChangeInformation": false,
      "ReasonIsMandatory": false
    }
  ],
  "Relationships": [],
  "WorkScheduling": {
    "SystemName": "task-search",
    "TrackDuration": true,
    "ExpectedDurationSeconds": null,
    "WorkStartedTrigger": "work-created",
    "WorkStartedTriggerConfig": null,
    "WorkFinishedTrigger": "phase-entered",
    "WorkFinishedTriggerConfig": "{ \"isClosed\": true }",
    "WorkEstimationHandler": "configured-estimates",
    "WorkEstimationConfig": null,
    "UserCanEditSchedule": true,
    "DueDateLinkingBehaviour": "expected-end-optional"
  },
  "OldEnabledFeatures": [],
  "FeatureFrameworkEntries": [
    {
      "SystemName": "JumpToPhaseSharedoType",
      "SharedoTypeSystemName": "task-search",
      "PhaseSystemName": null,
      "Enabled": true,
      "Configuration": null
    },
    {
      "SystemName": "sharedo-type-operations",
      "SharedoTypeSystemName": "task-search",
      "PhaseSystemName": null,
      "Enabled": true,
      "Configuration": "\r\n        { \r\n            \"viewMode\": \"UseSpecific\",\r\n            \"viewOpSystemName\":\"view-task-search\", \r\n            \"createMode\":\"UseSpecific\",\r\n            \"createOpSystemName\":\"create-task\"\r\n        }"
    },
    {
      "SystemName": "SharedoTypePriority",
      "SharedoTypeSystemName": "task-search",
      "PhaseSystemName": null,
      "Enabled": true,
      "Configuration": "{\"defaultPriorityId\":9001}"
    }
  ],
  "FeatureFlagEntries": [
    {
      "FlagSystemName": "chronology-milestone",
      "SharedoTypeSystemName": "task-search",
      "PhaseSystemName": "task-search-review",
      "Enabled": true,
      "Configuration": null
    },
    {
      "FlagSystemName": "chronology-task-milestone",
      "SharedoTypeSystemName": "task-search",
      "PhaseSystemName": "task-done",
      "Enabled": true,
      "Configuration": null
    },
    {
      "FlagSystemName": "chronology-task-milestone",
      "SharedoTypeSystemName": "task-search",
      "PhaseSystemName": "task-search-new",
      "Enabled": true,
      "Configuration": null
    },
    {
      "FlagSystemName": "chronology-task-milestone",
      "SharedoTypeSystemName": "task-search",
      "PhaseSystemName": "task-search-passed",
      "Enabled": true,
      "Configuration": null
    },
    {
      "FlagSystemName": "chronology-milestone",
      "SharedoTypeSystemName": "task-search",
      "PhaseSystemName": "task-search-new",
      "Enabled": true,
      "Configuration": null
    },
    {
      "FlagSystemName": "chronology-milestone",
      "SharedoTypeSystemName": "task-search",
      "PhaseSystemName": "task-search-deleted",
      "Enabled": true,
      "Configuration": null
    },
    {
      "FlagSystemName": "chronology-milestone",
      "SharedoTypeSystemName": "task-search",
      "PhaseSystemName": "task-search-failed",
      "Enabled": true,
      "Configuration": null
    },
    {
      "FlagSystemName": "chronology-task-milestone",
      "SharedoTypeSystemName": "task-search",
      "PhaseSystemName": "task-search-execute",
      "Enabled": true,
      "Configuration": null
    },
    {
      "FlagSystemName": "chronology-milestone",
      "SharedoTypeSystemName": "task-search",
      "PhaseSystemName": "task-search-execute",
      "Enabled": true,
      "Configuration": null
    },
    {
      "FlagSystemName": "chronology-task-milestone",
      "SharedoTypeSystemName": "task-search",
      "PhaseSystemName": "task-search-error",
      "Enabled": true,
      "Configuration": null
    },
    {
      "FlagSystemName": "chronology-milestone",
      "SharedoTypeSystemName": "task-search",
      "PhaseSystemName": "task-search-error",
      "Enabled": true,
      "Configuration": null
    },
    {
      "FlagSystemName": "chronology-task-milestone",
      "SharedoTypeSystemName": "task-search",
      "PhaseSystemName": "task-search-review",
      "Enabled": true,
      "Configuration": null
    },
    {
      "FlagSystemName": "chronology-task-milestone",
      "SharedoTypeSystemName": "task-search",
      "PhaseSystemName": "task-search-failed",
      "Enabled": true,
      "Configuration": null
    },
    {
      "FlagSystemName": "chronology-task-milestone",
      "SharedoTypeSystemName": "task-search",
      "PhaseSystemName": "task-search-deleted",
      "Enabled": true,
      "Configuration": null
    },
    {
      "FlagSystemName": "chronology-task-milestone",
      "SharedoTypeSystemName": "task-search",
      "PhaseSystemName": "task-search-investigation",
      "Enabled": true,
      "Configuration": null
    },
    {
      "FlagSystemName": "chronology-milestone",
      "SharedoTypeSystemName": "task-search",
      "PhaseSystemName": "task-search-passed",
      "Enabled": true,
      "Configuration": null
    },
    {
      "FlagSystemName": "chronology-milestone",
      "SharedoTypeSystemName": "task-search",
      "PhaseSystemName": "task-search-investigation",
      "Enabled": true,
      "Configuration": null
    }
  ],
  "SharedoTypeRoles": [
    {
      "SharedoTypeSystemName": "task-search",
      "ParticipantRoleSystemName": "contributor",
      "CanHaveMultiple": true,
      "IsBillable": false,
      "IsMandatory": false,
      "IsRecommended": false,
      "IsManuallyAssignable": true,
      "IsActive": true,
      "CanBeBulkAssigned": false,
      "CanChange": true,
      "CanBeOrdered": false,
      "IncludeInReports": false,
      "ManageAsACaseTeamRole": false,
      "IsSecurityTeamRole": true,
      "IsCounterpartyRole": false,
      "RepresentedByDefaultOrg": false
    },
    {
      "SharedoTypeSystemName": "task-search",
      "ParticipantRoleSystemName": "owner",
      "CanHaveMultiple": true,
      "IsBillable": false,
      "IsMandatory": false,
      "IsRecommended": false,
      "IsManuallyAssignable": true,
      "IsActive": true,
      "CanBeBulkAssigned": false,
      "CanChange": true,
      "CanBeOrdered": false,
      "IncludeInReports": false,
      "ManageAsACaseTeamRole": false,
      "IsSecurityTeamRole": true,
      "IsCounterpartyRole": false,
      "RepresentedByDefaultOrg": false
    },
    {
      "SharedoTypeSystemName": "task-search",
      "ParticipantRoleSystemName": "primary-owner",
      "CanHaveMultiple": false,
      "IsBillable": false,
      "IsMandatory": false,
      "IsRecommended": false,
      "IsManuallyAssignable": true,
      "IsActive": true,
      "CanBeBulkAssigned": true,
      "CanChange": true,
      "CanBeOrdered": false,
      "IncludeInReports": false,
      "ManageAsACaseTeamRole": false,
      "IsSecurityTeamRole": true,
      "IsCounterpartyRole": false,
      "RepresentedByDefaultOrg": false
    },
    {
      "SharedoTypeSystemName": "task-search",
      "ParticipantRoleSystemName": "reader",
      "CanHaveMultiple": true,
      "IsBillable": false,
      "IsMandatory": false,
      "IsRecommended": false,
      "IsManuallyAssignable": true,
      "IsActive": true,
      "CanBeBulkAssigned": false,
      "CanChange": true,
      "CanBeOrdered": false,
      "IncludeInReports": false,
      "ManageAsACaseTeamRole": false,
      "IsSecurityTeamRole": true,
      "IsCounterpartyRole": false,
      "RepresentedByDefaultOrg": false
    }
  ],
  "RoleAssociations": [],
  "RoleSourcingRules": [],
  "RoleSourcingAncestorRestrictions": [],
  "RoleSourcingRoleRestrictions": [],
  "DataQualityRules": [],
  "Aspects": [
    {
      "SharedoTypeSystemName": "task-search",
      "InheritedFromTypeSystemName": null,
      "Id": "9c78fd7e-acfe-4416-9d0a-f4653e13d46d",
      "AspectDefinitionSystemName": "SharedoPriority",
      "Config": null,
      "WidgetConfig": "{\"withChrome\":false}",
      "ZoneName": "top",
      "DisplayPriority": 25,
      "ViewPermissionSystemName": null,
      "UpdatePermissionSystemName": null
    }
  ],
  "AspectStripingRules": [],
  "SharedoTypeRolePermissions": [
    {
      "SharedoTypeSystemName": "task-search",
      "PermissionSystemName": "core.sharedo.audit",
      "ParticipantRoleSystemName": "contributor",
      "PhaseSystemName": null,
      "UserOnly": false,
      "Id": "ca389109-a498-4c85-96a6-26fbd8461cb7"
    },
    {
      "SharedoTypeSystemName": "task-search",
      "PermissionSystemName": "core.sharedo.participant.assign",
      "ParticipantRoleSystemName": "contributor",
      "PhaseSystemName": null,
      "UserOnly": false,
      "Id": "fd130426-eca0-427c-a904-75b1e356d9c2"
    },
    {
      "SharedoTypeSystemName": "task-search",
      "PermissionSystemName": "core.read",
      "ParticipantRoleSystemName": "contributor",
      "PhaseSystemName": null,
      "UserOnly": false,
      "Id": "303d8f53-58be-42a0-9882-7b45522ac0e7"
    },
    {
      "SharedoTypeSystemName": "task-search",
      "PermissionSystemName": "core.sharedo.participant.read",
      "ParticipantRoleSystemName": "contributor",
      "PhaseSystemName": null,
      "UserOnly": false,
      "Id": "0132b2b6-f950-41f0-adea-dffc5b9b0425"
    },
    {
      "SharedoTypeSystemName": "task-search",
      "PermissionSystemName": "core.sharedo.participant.read",
      "ParticipantRoleSystemName": "creator",
      "PhaseSystemName": null,
      "UserOnly": false,
      "Id": "af2e9a85-f691-49ae-9b2d-6fc7a2ca31a6"
    },
    {
      "SharedoTypeSystemName": "task-search",
      "PermissionSystemName": "core.read",
      "ParticipantRoleSystemName": "creator",
      "PhaseSystemName": null,
      "UserOnly": false,
      "Id": "6ad7a696-b692-43b6-b514-f26498c1f4f4"
    },
    {
      "SharedoTypeSystemName": "task-search",
      "PermissionSystemName": "core.sharedo.delete",
      "ParticipantRoleSystemName": "owner",
      "PhaseSystemName": null,
      "UserOnly": false,
      "Id": "701d5d0c-b203-4820-9e37-2fdc7a84fb39"
    },
    {
      "SharedoTypeSystemName": "task-search",
      "PermissionSystemName": "core.sharedo.audit",
      "ParticipantRoleSystemName": "owner",
      "PhaseSystemName": null,
      "UserOnly": false,
      "Id": "0cb5d233-3754-42cc-8359-6d586dfa09e9"
    },
    {
      "SharedoTypeSystemName": "task-search",
      "PermissionSystemName": "core.sharedo.participant.assign",
      "ParticipantRoleSystemName": "owner",
      "PhaseSystemName": null,
      "UserOnly": false,
      "Id": "87dcf39e-6bb5-459a-a5bf-6d7026ebfd16"
    },
    {
      "SharedoTypeSystemName": "task-search",
      "PermissionSystemName": "core.sharedo.participant.read",
      "ParticipantRoleSystemName": "owner",
      "PhaseSystemName": null,
      "UserOnly": false,
      "Id": "029e4879-a5a7-425f-b2c5-d6259ce502fd"
    },
    {
      "SharedoTypeSystemName": "task-search",
      "PermissionSystemName": "core.read",
      "ParticipantRoleSystemName": "owner",
      "PhaseSystemName": null,
      "UserOnly": false,
      "Id": "dfa456c4-7291-4ea0-a121-f05b45a4fc2f"
    },
    {
      "SharedoTypeSystemName": "task-search",
      "PermissionSystemName": "core.sharedo.participant.assign",
      "ParticipantRoleSystemName": "primary-owner",
      "PhaseSystemName": null,
      "UserOnly": false,
      "Id": "37b53898-e81f-4d4a-ac1b-0f9c754e0167"
    },
    {
      "SharedoTypeSystemName": "task-search",
      "PermissionSystemName": "core.sharedo.audit",
      "ParticipantRoleSystemName": "primary-owner",
      "PhaseSystemName": null,
      "UserOnly": false,
      "Id": "2b95ce2a-59de-4a1a-b388-30d894819f62"
    },
    {
      "SharedoTypeSystemName": "task-search",
      "PermissionSystemName": "core.read",
      "ParticipantRoleSystemName": "primary-owner",
      "PhaseSystemName": null,
      "UserOnly": false,
      "Id": "06720fef-015e-4f1c-aa84-315e1aead99d"
    },
    {
      "SharedoTypeSystemName": "task-search",
      "PermissionSystemName": "core.sharedo.delete",
      "ParticipantRoleSystemName": "primary-owner",
      "PhaseSystemName": null,
      "UserOnly": false,
      "Id": "0dffcec8-7938-43ef-bf40-8a36eb0401ef"
    },
    {
      "SharedoTypeSystemName": "task-search",
      "PermissionSystemName": "core.sharedo.participant.read",
      "ParticipantRoleSystemName": "primary-owner",
      "PhaseSystemName": null,
      "UserOnly": false,
      "Id": "8c735879-5d4f-4ed8-8ffb-ddc3fc8346b0"
    },
    {
      "SharedoTypeSystemName": "task-search",
      "PermissionSystemName": "core.sharedo.progress.milestone",
      "ParticipantRoleSystemName": "primary-owner",
      "PhaseSystemName": null,
      "UserOnly": true,
      "Id": "ba1f5a94-59b8-4587-960b-1e92950e5dca"
    },
    {
      "SharedoTypeSystemName": "task-search",
      "PermissionSystemName": "core.sharedo.update",
      "ParticipantRoleSystemName": "primary-owner",
      "PhaseSystemName": null,
      "UserOnly": true,
      "Id": "505cf360-bb32-4cfa-8331-765f362c34df"
    },
    {
      "SharedoTypeSystemName": "task-search",
      "PermissionSystemName": "core.read",
      "ParticipantRoleSystemName": "reader",
      "PhaseSystemName": null,
      "UserOnly": false,
      "Id": "45af657f-a362-447f-9e99-8c0953dbdfa5"
    },
    {
      "SharedoTypeSystemName": "task-search",
      "PermissionSystemName": "core.sharedo.participant.read",
      "ParticipantRoleSystemName": "reader",
      "PhaseSystemName": null,
      "UserOnly": false,
      "Id": "d7b866a7-d62c-4586-a20d-f26a7672c58e"
    }
  ],
  "SyncRules": [],
  "TitleGenerator": null,
  "ReferenceGenerator": null,
  "TypeScopeBindings": [],
  "RoleScopeBindings": [],
  "Menus": [],
  "MenuItems": [],
  "UiOperations": [
    {
      "SystemName": "create-task",
      "Name": "Create task - custom JS",
      "IsCreate": true,
      "IsView": false,
      "InvokeType": "js",
      "Invoke": "Sharedo.Core.Case.SharedoActions.CreateOpenTask",
      "Params": "{ \r\n            \"id\": \"{{parentSharedoId}}\",\r\n            \"systemName\": \"{{typeSystemName}}\",\r\n            \"title\": \"{{title}}\",\r\n            \"description\": \"{{description}}\",\r\n            \"openNewActivity\": true \r\n        }"
    },
    {
      "SystemName": "view-task-search",
      "Name": "View search task",
      "IsCreate": false,
      "IsView": true,
      "InvokeType": "panel",
      "Invoke": "Sharedo.Core.Case.TaskBlade.AddEditTask",
      "Params": "{\"id\":\"{{id}}\",\"header\":[{\"id\":\"Sharedo.Core.Case.TaskBlade.Header\",\"chrome\":false},{\"id\":\"Sharedo.Core.Case.TaskBlade.Ribbon\",\"chrome\":false}],\"body\":[{\"id\":\"Sharedo.Core.Case.TaskBlade.SearchResults\",\"chrome\":true,\"title\":\"Search results\",\"hiddenAtStart\":false,\"configuration\":{}},{\"id\":\"Sharedo.Core.Case.TaskBlade.TaskDetails\",\"chrome\":true,\"title\":\"Details\"},{\"id\":\"Sharedo.Core.Case.TaskBlade.AssignedTo\",\"chrome\":false},{\"id\":\"Sharedo.Core.Case.TaskBlade.Tags\",\"chrome\":false}],\"footer\":[{\"id\":\"Sharedo.Core.Case.TaskBlade.TimeNav\",\"chrome\":false,\"hiddenAtStart\":true},{\"id\":\"Sharedo.Core.Case.TaskBlade.CommentNav\",\"chrome\":false}]}"
    }
  ],
  "Breadcrumbs": [],
  "CalculatedFields": [],
  "PhaseTransitionGuards": [
    {
      "SharedoTypeSystemName": "task-search",
      "TransitionSystemName": "task-search-error-delete",
      "Title": "All activities must be completed",
      "Description": "<p>All Activities must be completed or removed to complete this task.</p>",
      "TypeSystemName": "ChildWorkItemsCompleted",
      "Config": "{\"includeTypes\":[\"task-activity\"],\"excludeTypes\":[\"task-activity-document-expectation\",\"task-activity-document-expectation-negotiated\",\"task-activity-send-email-notification\"],\"buttonTitle\":null,\"buttonIcon\":null,\"buttonStyle\":null,\"commandSystemName\":null,\"commandConfigurationJson\":null}",
      "Order": 0
    },
    {
      "SharedoTypeSystemName": "task-search",
      "TransitionSystemName": "task-search-execute-passed",
      "Title": "All activities must be completed",
      "Description": "<p>All Activities must be completed or removed to complete this task.</p>",
      "TypeSystemName": "ChildWorkItemsCompleted",
      "Config": "{\"includeTypes\":[\"task-activity\"],\"excludeTypes\":[\"task-activity-document-expectation\",\"task-activity-document-expectation-negotiated\",\"task-activity-send-email-notification\"],\"buttonTitle\":null,\"buttonIcon\":null,\"buttonStyle\":null,\"commandSystemName\":null,\"commandConfigurationJson\":null}",
      "Order": 0
    },
    {
      "SharedoTypeSystemName": "task-search",
      "TransitionSystemName": "task-search-investigate-failed",
      "Title": "All activities must be completed",
      "Description": "<p>All Activities must be completed or removed to complete this task.</p>",
      "TypeSystemName": "ChildWorkItemsCompleted",
      "Config": "{\"includeTypes\":[\"task-activity\"],\"excludeTypes\":[\"task-activity-document-expectation\",\"task-activity-document-expectation-negotiated\",\"task-activity-send-email-notification\"],\"buttonTitle\":null,\"buttonIcon\":null,\"buttonStyle\":null,\"commandSystemName\":null,\"commandConfigurationJson\":null}",
      "Order": 0
    },
    {
      "SharedoTypeSystemName": "task-search",
      "TransitionSystemName": "task-search-investigate-passed",
      "Title": "All activities must be completed",
      "Description": "<p>All Activities must be completed or removed to complete this task.</p>",
      "TypeSystemName": "ChildWorkItemsCompleted",
      "Config": "{\"includeTypes\":[\"task-activity\"],\"excludeTypes\":[\"task-activity-document-expectation\",\"task-activity-document-expectation-negotiated\",\"task-activity-send-email-notification\"],\"buttonTitle\":null,\"buttonIcon\":null,\"buttonStyle\":null,\"commandSystemName\":null,\"commandConfigurationJson\":null}",
      "Order": 0
    },
    {
      "SharedoTypeSystemName": "task-search",
      "TransitionSystemName": "task-search-review-failed",
      "Title": "All activities must be completed",
      "Description": "<p>All Activities must be completed or removed to complete this task.</p>",
      "TypeSystemName": "ChildWorkItemsCompleted",
      "Config": "{\"includeTypes\":[\"task-activity\"],\"excludeTypes\":[\"task-activity-document-expectation\",\"task-activity-document-expectation-negotiated\",\"task-activity-send-email-notification\"],\"buttonTitle\":null,\"buttonIcon\":null,\"buttonStyle\":null,\"commandSystemName\":null,\"commandConfigurationJson\":null}",
      "Order": 0
    },
    {
      "SharedoTypeSystemName": "task-search",
      "TransitionSystemName": "task-search-review-passed",
      "Title": "All activities must be completed",
      "Description": "<p>All Activities must be completed or removed to complete this task.</p>",
      "TypeSystemName": "ChildWorkItemsCompleted",
      "Config": "{\"includeTypes\":[\"task-activity\"],\"excludeTypes\":[\"task-activity-document-expectation\",\"task-activity-document-expectation-negotiated\",\"task-activity-send-email-notification\"],\"buttonTitle\":null,\"buttonIcon\":null,\"buttonStyle\":null,\"commandSystemName\":null,\"commandConfigurationJson\":null}",
      "Order": 0
    }
  ],
  "KeyDateAssociations": [],
  "KeyDateAssociationCategories": [],
  "RoleMenus": [],
  "DynamicMenus": {
    "MenuContexts": [],
    "Menus": [],
    "MenuOptions": []
  },
  "ConventionalPermissions": [
    {
      "SystemName": "core.sharedo.create.task-search",
      "Name": "Sharedo - Create - Process search task",
      "Description": "Can create a new Process search task",
      "SystemPermission": true,
      "ResourcePermission": false,
      "PermissionTypeSystemName": "sharedo",
      "IsCustom": false
    }
  ],
  "AspectPersonas": []
}