{
  "Plan": null,
  "VisualPlan": {
    "SystemName": "Demo-01---Add-transaction",
    "Name": "Demo 01 - Add transaction",
    "Description": null,
    "Errored": false,
    "OverrideNotifications": false,
    "ExceptionNotifications": true,
    "ExceptionNotificationEmailAddresses": ""
  },
  "Steps": [
    {
      "VisualPlanSystemName": "Demo-01---Add-transaction",
      "IdeData": "{\r\n  \"x\": 525,\r\n  \"y\": -275\r\n}",
      "SystemName": "finish",
      "Name": "Plan complete",
      "Description": "The plan is complete",
      "IsStart": false,
      "IsEnd": true,
      "IsOptimal": true
    },
    {
      "VisualPlanSystemName": "Demo-01---Add-transaction",
      "IdeData": "{\r\n  \"x\": -375,\r\n  \"y\": -575\r\n}",
      "SystemName": "main",
      "Name": "Main entry point",
      "Description": "The main entry point of the plan",
      "IsStart": true,
      "IsEnd": false,
      "IsOptimal": true
    },
    {
      "VisualPlanSystemName": "Demo-01---Add-transaction",
      "IdeData": "{\r\n  \"x\": 250,\r\n  \"y\": -600\r\n}",
      "SystemName": "refFromClosest",
      "Name": "Ref from closest",
      "Description": null,
      "IsStart": false,
      "IsEnd": false,
      "IsOptimal": true
    },
    {
      "VisualPlanSystemName": "Demo-01---Add-transaction",
      "IdeData": "{\r\n  \"x\": -75,\r\n  \"y\": -600\r\n}",
      "SystemName": "refFromCurrent",
      "Name": "Ref from current",
      "Description": null,
      "IsStart": false,
      "IsEnd": false,
      "IsOptimal": true
    },
    {
      "VisualPlanSystemName": "Demo-01---Add-transaction",
      "IdeData": "{\r\n  \"x\": 175,\r\n  \"y\": -250\r\n}",
      "SystemName": "sendTx",
      "Name": "Send Tx",
      "Description": null,
      "IsStart": false,
      "IsEnd": false,
      "IsOptimal": true
    }
  ],
  "Actions": [
    {
      "Id": "999df78f-ab0d-4f66-b1ba-b11c00e93e59",
      "Order": 0,
      "VisualPlanSystemName": "Demo-01---Add-transaction",
      "VisualPlanStepSystemName": "main",
      "Configuration": "{\r\n  \"now\": true,\r\n  \"startOnDateTimeVariable\": null,\r\n  \"startIn\": 1,\r\n  \"startInType\": \"Days\",\r\n  \"description\": \"Finish\"\r\n}",
      "Connections": "{\r\n  \"execute\": {\r\n    \"step\": \"refFromCurrent\",\r\n    \"port\": \"left3\",\r\n    \"points\": []\r\n  }\r\n}",
      "ActionSystemName": "startStep",
      "Name": "Finish"
    },
    {
      "Id": "a9d7f21c-8c28-4746-b3a7-b11c00e93e5f",
      "Order": 0,
      "VisualPlanSystemName": "Demo-01---Add-transaction",
      "VisualPlanStepSystemName": "refFromClosest",
      "Configuration": "{\r\n  \"workItemId\": \"workItemId\",\r\n  \"workItemType\": \"task\",\r\n  \"variableMappings\": [\r\n    {\r\n      \"variableSystemName\": \"pmsReference\",\r\n      \"composerPath\": \"workitem.ancestors!q?type=matter-private-client-general!1.form-demo01pms.demo01PmsReference\"\r\n    }\r\n  ],\r\n  \"collectionMappings\": []\r\n}",
      "Connections": "{}",
      "ActionSystemName": "loadData",
      "Name": "Load from closest matter"
    },
    {
      "Id": "18c55e99-e238-446f-b479-b11c00e93e66",
      "Order": 1,
      "VisualPlanSystemName": "Demo-01---Add-transaction",
      "VisualPlanStepSystemName": "refFromClosest",
      "Configuration": "{\r\n  \"conditions\": [\r\n    {\r\n      \"id\": 1,\r\n      \"conditionName\": \"condition1\",\r\n      \"condition\": \"!ctx.pmsReference\",\r\n      \"label\": \"No ref\"\r\n    }\r\n  ]\r\n}",
      "Connections": "{\r\n  \"condition1\": {\r\n    \"step\": \"finish\",\r\n    \"port\": \"top3\",\r\n    \"points\": []\r\n  }\r\n}",
      "ActionSystemName": "ifBlock",
      "Name": "Has reference?"
    },
    {
      "Id": "09e43a32-ae92-40ea-80f7-b11c00e93e76",
      "Order": 2,
      "VisualPlanSystemName": "Demo-01---Add-transaction",
      "VisualPlanStepSystemName": "refFromClosest",
      "Configuration": "{\r\n  \"now\": true,\r\n  \"startOnDateTimeVariable\": null,\r\n  \"startIn\": 1,\r\n  \"startInType\": \"Days\",\r\n  \"description\": \"Found ref\"\r\n}",
      "Connections": "{\r\n  \"execute\": {\r\n    \"step\": \"sendTx\",\r\n    \"port\": \"top4\",\r\n    \"points\": []\r\n  }\r\n}",
      "ActionSystemName": "startStep",
      "Name": "Found ref"
    },
    {
      "Id": "f0750a05-5f9a-4132-9cf5-b11c00e93e80",
      "Order": 0,
      "VisualPlanSystemName": "Demo-01---Add-transaction",
      "VisualPlanStepSystemName": "refFromCurrent",
      "Configuration": "{\r\n  \"workItemId\": \"workItemId\",\r\n  \"workItemType\": \"matter-private-client-general\",\r\n  \"variableMappings\": [\r\n    {\r\n      \"variableSystemName\": \"pmsReference\",\r\n      \"composerPath\": \"workitem.form-demo01pms.demo01PmsReference\"\r\n    }\r\n  ],\r\n  \"collectionMappings\": []\r\n}",
      "Connections": "{}",
      "ActionSystemName": "loadData",
      "Name": "Load current"
    },
    {
      "Id": "203233b2-3724-4baa-8e9f-b11c00e93e86",
      "Order": 1,
      "VisualPlanSystemName": "Demo-01---Add-transaction",
      "VisualPlanStepSystemName": "refFromCurrent",
      "Configuration": "{\r\n  \"conditions\": [\r\n    {\r\n      \"id\": 1,\r\n      \"conditionName\": \"condition1\",\r\n      \"condition\": \"!ctx.pmsReference\",\r\n      \"label\": \"No ref\"\r\n    }\r\n  ]\r\n}",
      "Connections": "{\r\n  \"condition1\": {\r\n    \"step\": \"refFromClosest\",\r\n    \"port\": \"left3\",\r\n    \"points\": []\r\n  }\r\n}",
      "ActionSystemName": "ifBlock",
      "Name": "Has reference?"
    },
    {
      "Id": "1493ed91-f06a-4d86-81f1-b11c00e93e9b",
      "Order": 2,
      "VisualPlanSystemName": "Demo-01---Add-transaction",
      "VisualPlanStepSystemName": "refFromCurrent",
      "Configuration": "{\r\n  \"now\": true,\r\n  \"startOnDateTimeVariable\": null,\r\n  \"startIn\": 1,\r\n  \"startInType\": \"Days\",\r\n  \"description\": \"Found ref\"\r\n}",
      "Connections": "{\r\n  \"execute\": {\r\n    \"step\": \"sendTx\",\r\n    \"port\": \"top2\",\r\n    \"points\": []\r\n  }\r\n}",
      "ActionSystemName": "startStep",
      "Name": "Found ref"
    },
    {
      "Id": "6f60dbbb-62e6-4698-a9b5-b11c00e93e9f",
      "Order": 0,
      "VisualPlanSystemName": "Demo-01---Add-transaction",
      "VisualPlanStepSystemName": "sendTx",
      "Configuration": "{\r\n  \"deltaAmount\": 500,\r\n  \"pmsReferenceVariable\": \"pmsReference\"\r\n}",
      "Connections": "{}",
      "ActionSystemName": "PMSBalanceAction",
      "Name": "Demo 01 - adjust PMS balance "
    },
    {
      "Id": "1bbca69b-9a4c-4989-8a55-b11c00e93ea6",
      "Order": 1,
      "VisualPlanSystemName": "Demo-01---Add-transaction",
      "VisualPlanStepSystemName": "sendTx",
      "Configuration": "{\r\n  \"now\": true,\r\n  \"startOnDateTimeVariable\": null,\r\n  \"startIn\": 1,\r\n  \"startInType\": \"Days\",\r\n  \"description\": \"Start step\"\r\n}",
      "Connections": "{\r\n  \"execute\": {\r\n    \"step\": \"finish\",\r\n    \"port\": \"left3\",\r\n    \"points\": []\r\n  }\r\n}",
      "ActionSystemName": "startStep",
      "Name": "Start step"
    }
  ],
  "Variables": [
    {
      "VisualPlanSystemName": "Demo-01---Add-transaction",
      "SystemName": "pmsReference",
      "Name": "pmsReference",
      "DefaultValue": null,
      "Type": "/String",
      "IsCollection": false,
      "IsInputVariable": false,
      "IsMandatory": false
    },
    {
      "VisualPlanSystemName": "Demo-01---Add-transaction",
      "SystemName": "workItemId",
      "Name": "workItemId",
      "DefaultValue": null,
      "Type": "/Identifier/Work Item Identifier",
      "IsCollection": false,
      "IsInputVariable": true,
      "IsMandatory": true
    }
  ],
  "Scripts": [
    {
      "VisualPlanStepActionId": "999df78f-ab0d-4f66-b1ba-b11c00e93e59",
      "GeneratedScript": "{\r\n\tlet configuration = {\r\n\t  \"now\": true,\r\n\t  \"startOnDateTimeVariable\": null,\r\n\t  \"startIn\": 1,\r\n\t  \"startInType\": \"Days\",\r\n\t  \"description\": \"Finish\"\r\n\t};\r\n\tlet connections = {\r\n\t  \"execute\": {\r\n\t    \"step\": \"refFromCurrent\",\r\n\t    \"port\": \"left3\",\r\n\t    \"points\": []\r\n\t  }\r\n\t};\r\n\t\r\n\tif (!connections.execute) {\r\n\t    log.Warning(\"Start step defined but has not been connected to a target step\");\r\n\t} else {\r\n\t    if (configuration.now === undefined || configuration.now === true) {\r\n\t        log.Information(`Executing step '${connections.execute.step}' immediately.`);\r\n\t        trigger.SubProcess(connections.execute.step).Now();\r\n\t    } else {\r\n\t        log.Information(`Future execution`);\r\n\t\r\n\t        if (configuration.startOnDateTimeVariable) {\r\n\t            let startOn = DateTime.Parse(ctx[configuration.startOnDateTimeVariable]);\r\n\t\r\n\t            log.Information(`Executing step '${connections.execute.step}' on '${startOn.ToString()}'.`);\r\n\t\r\n\t            trigger.SubProcess(connections.execute.step).On(startOn);\r\n\t        } else {\r\n\t            if (!configuration.startInType) {\r\n\t                log.Error(`Unable to start step in X, as startInType is not set`);\r\n\t                return;\r\n\t            }\r\n\t\r\n\t            const startInInt = parseInt(configuration.startIn);\r\n\t\r\n\t            if (isNaN(startInInt)) {\r\n\t                throw(\"startIn is not an integer - unable to continue\");\r\n\t            }\r\n\t\r\n\t            log.Information(`Executing step '${connections.execute.step}' in '${startInInt} Days'.`);\r\n\t\r\n\t            trigger.SubProcess(connections.execute.step).In(startInInt)[\"Days\"];\r\n\t        }\r\n\t    }\r\n\t}\r\n\t\r\n\t\r\n};\r\n"
    },
    {
      "VisualPlanStepActionId": "a9d7f21c-8c28-4746-b3a7-b11c00e93e5f",
      "GeneratedScript": "{\r\n\t\r\n\tlet variableMappings = [\r\n\t  {\r\n\t    \"variableSystemName\": \"pmsReference\",\r\n\t    \"composerPath\": \"workitem.ancestors!q?type=matter-private-client-general!1.form-demo01pms.demo01PmsReference\"\r\n\t  }\r\n\t];\r\n\tlet collectionMappings = [];\r\n\t\r\n\tlet model =\r\n\t{\r\n\t    entityType: \"task\",\r\n\t    fields: [],\r\n\t    allowParallelExecution: true,\r\n\t    executeCalculatedFields: true,\r\n\t    responseType: \"flat\",\r\n\t    entityId: ctx[\"workItemId\"]\r\n\t}\r\n\t\r\n\tvariableMappings.forEach(function (m) {\r\n\t    model.fields.push({ path: m.composerPath });\r\n\t});\r\n\t\r\n\tcollectionMappings.forEach(function (m) {\r\n\t    model.fields.push({ path: m.composerPath, includeFields: [{ path: m.propertyPath }] });\r\n\t});\r\n\t\r\n\tlet httpResult = sharedo.http.post(\"/api/executionengine/graph/sharedo/query\", model);\r\n\tif (!httpResult.success)\r\n\t    throw \"Failed to load data from graph API - API returned '\" + httpResult.status + \"'\";\r\n\t\r\n\tlet result = httpResult.body;\r\n\t\r\n\tvariableMappings.forEach(function (f) {\r\n\t    ctx[f.variableSystemName] = result.data[f.composerPath];\r\n\t    log.Information(\"LOAD \" + f.variableSystemName + \"[\" + f.composerPath + \"]:=\" + result.data[f.composerPath]);\r\n\t});\r\n\t\r\n\tcollectionMappings.forEach(function (f) {\r\n\t    ctx[f.variableSystemName] = [];\r\n\t\r\n\t    let dataArray = result.data[f.composerPath];\r\n\t\r\n\t    if (dataArray && dataArray.length) {\r\n\t        let logMessage = \"LOADCOLLECTION \" + f.variableSystemName + \"[\" + f.composerPath + \"]:=[\";\r\n\t\r\n\t        dataArray.forEach(function (d) {\r\n\t            ctx[f.variableSystemName].push(d[f.propertyPath]);\r\n\t\r\n\t            logMessage += d[f.propertyPath] + \",\";\r\n\t        });\r\n\t\r\n\t        logMessage += \"]\";\r\n\t\r\n\t        log.Information(logMessage);\r\n\t    }\r\n\t});\r\n\t\r\n\t\r\n};\r\n"
    },
    {
      "VisualPlanStepActionId": "18c55e99-e238-446f-b479-b11c00e93e66",
      "GeneratedScript": "{\r\n\tlet connections = {\r\n\t  \"condition1\": {\r\n\t    \"step\": \"finish\",\r\n\t    \"port\": \"top3\",\r\n\t    \"points\": []\r\n\t  }\r\n\t};\r\n\t    \r\n\tif (!ctx.pmsReference) \r\n\t{\r\n\t    if (!connections[\"condition1\"]) \r\n\t    {\r\n\t        log.Warning(\"If condition configured but not connected '!ctx.pmsReference' - 'No ref' - '!ctx.pmsReference'\")\r\n\t    } \r\n\t    else \r\n\t    {\r\n\t        trigger.SubProcess(connections[\"condition1\"].step).Now();\r\n\t    }\r\n\t    \r\n\t    // Condition matched - abort rest of IFs and the step\r\n\t    return;\r\n\t}\r\n\t\r\n\t\r\n};\r\n"
    },
    {
      "VisualPlanStepActionId": "09e43a32-ae92-40ea-80f7-b11c00e93e76",
      "GeneratedScript": "{\r\n\tlet configuration = {\r\n\t  \"now\": true,\r\n\t  \"startOnDateTimeVariable\": null,\r\n\t  \"startIn\": 1,\r\n\t  \"startInType\": \"Days\",\r\n\t  \"description\": \"Found ref\"\r\n\t};\r\n\tlet connections = {\r\n\t  \"execute\": {\r\n\t    \"step\": \"sendTx\",\r\n\t    \"port\": \"top4\",\r\n\t    \"points\": []\r\n\t  }\r\n\t};\r\n\t\r\n\tif (!connections.execute) {\r\n\t    log.Warning(\"Start step defined but has not been connected to a target step\");\r\n\t} else {\r\n\t    if (configuration.now === undefined || configuration.now === true) {\r\n\t        log.Information(`Executing step '${connections.execute.step}' immediately.`);\r\n\t        trigger.SubProcess(connections.execute.step).Now();\r\n\t    } else {\r\n\t        log.Information(`Future execution`);\r\n\t\r\n\t        if (configuration.startOnDateTimeVariable) {\r\n\t            let startOn = DateTime.Parse(ctx[configuration.startOnDateTimeVariable]);\r\n\t\r\n\t            log.Information(`Executing step '${connections.execute.step}' on '${startOn.ToString()}'.`);\r\n\t\r\n\t            trigger.SubProcess(connections.execute.step).On(startOn);\r\n\t        } else {\r\n\t            if (!configuration.startInType) {\r\n\t                log.Error(`Unable to start step in X, as startInType is not set`);\r\n\t                return;\r\n\t            }\r\n\t\r\n\t            const startInInt = parseInt(configuration.startIn);\r\n\t\r\n\t            if (isNaN(startInInt)) {\r\n\t                throw(\"startIn is not an integer - unable to continue\");\r\n\t            }\r\n\t\r\n\t            log.Information(`Executing step '${connections.execute.step}' in '${startInInt} Days'.`);\r\n\t\r\n\t            trigger.SubProcess(connections.execute.step).In(startInInt)[\"Days\"];\r\n\t        }\r\n\t    }\r\n\t}\r\n\t\r\n\t\r\n};\r\n"
    },
    {
      "VisualPlanStepActionId": "f0750a05-5f9a-4132-9cf5-b11c00e93e80",
      "GeneratedScript": "{\r\n\t\r\n\tlet variableMappings = [\r\n\t  {\r\n\t    \"variableSystemName\": \"pmsReference\",\r\n\t    \"composerPath\": \"workitem.form-demo01pms.demo01PmsReference\"\r\n\t  }\r\n\t];\r\n\tlet collectionMappings = [];\r\n\t\r\n\tlet model =\r\n\t{\r\n\t    entityType: \"matter-private-client-general\",\r\n\t    fields: [],\r\n\t    allowParallelExecution: true,\r\n\t    executeCalculatedFields: true,\r\n\t    responseType: \"flat\",\r\n\t    entityId: ctx[\"workItemId\"]\r\n\t}\r\n\t\r\n\tvariableMappings.forEach(function (m) {\r\n\t    model.fields.push({ path: m.composerPath });\r\n\t});\r\n\t\r\n\tcollectionMappings.forEach(function (m) {\r\n\t    model.fields.push({ path: m.composerPath, includeFields: [{ path: m.propertyPath }] });\r\n\t});\r\n\t\r\n\tlet httpResult = sharedo.http.post(\"/api/executionengine/graph/sharedo/query\", model);\r\n\tif (!httpResult.success)\r\n\t    throw \"Failed to load data from graph API - API returned '\" + httpResult.status + \"'\";\r\n\t\r\n\tlet result = httpResult.body;\r\n\t\r\n\tvariableMappings.forEach(function (f) {\r\n\t    ctx[f.variableSystemName] = result.data[f.composerPath];\r\n\t    log.Information(\"LOAD \" + f.variableSystemName + \"[\" + f.composerPath + \"]:=\" + result.data[f.composerPath]);\r\n\t});\r\n\t\r\n\tcollectionMappings.forEach(function (f) {\r\n\t    ctx[f.variableSystemName] = [];\r\n\t\r\n\t    let dataArray = result.data[f.composerPath];\r\n\t\r\n\t    if (dataArray && dataArray.length) {\r\n\t        let logMessage = \"LOADCOLLECTION \" + f.variableSystemName + \"[\" + f.composerPath + \"]:=[\";\r\n\t\r\n\t        dataArray.forEach(function (d) {\r\n\t            ctx[f.variableSystemName].push(d[f.propertyPath]);\r\n\t\r\n\t            logMessage += d[f.propertyPath] + \",\";\r\n\t        });\r\n\t\r\n\t        logMessage += \"]\";\r\n\t\r\n\t        log.Information(logMessage);\r\n\t    }\r\n\t});\r\n\t\r\n\t\r\n};\r\n"
    },
    {
      "VisualPlanStepActionId": "203233b2-3724-4baa-8e9f-b11c00e93e86",
      "GeneratedScript": "{\r\n\tlet connections = {\r\n\t  \"condition1\": {\r\n\t    \"step\": \"refFromClosest\",\r\n\t    \"port\": \"left3\",\r\n\t    \"points\": []\r\n\t  }\r\n\t};\r\n\t    \r\n\tif (!ctx.pmsReference) \r\n\t{\r\n\t    if (!connections[\"condition1\"]) \r\n\t    {\r\n\t        log.Warning(\"If condition configured but not connected '!ctx.pmsReference' - 'No ref' - '!ctx.pmsReference'\")\r\n\t    } \r\n\t    else \r\n\t    {\r\n\t        trigger.SubProcess(connections[\"condition1\"].step).Now();\r\n\t    }\r\n\t    \r\n\t    // Condition matched - abort rest of IFs and the step\r\n\t    return;\r\n\t}\r\n\t\r\n\t\r\n};\r\n"
    },
    {
      "VisualPlanStepActionId": "1493ed91-f06a-4d86-81f1-b11c00e93e9b",
      "GeneratedScript": "{\r\n\tlet configuration = {\r\n\t  \"now\": true,\r\n\t  \"startOnDateTimeVariable\": null,\r\n\t  \"startIn\": 1,\r\n\t  \"startInType\": \"Days\",\r\n\t  \"description\": \"Found ref\"\r\n\t};\r\n\tlet connections = {\r\n\t  \"execute\": {\r\n\t    \"step\": \"sendTx\",\r\n\t    \"port\": \"top2\",\r\n\t    \"points\": []\r\n\t  }\r\n\t};\r\n\t\r\n\tif (!connections.execute) {\r\n\t    log.Warning(\"Start step defined but has not been connected to a target step\");\r\n\t} else {\r\n\t    if (configuration.now === undefined || configuration.now === true) {\r\n\t        log.Information(`Executing step '${connections.execute.step}' immediately.`);\r\n\t        trigger.SubProcess(connections.execute.step).Now();\r\n\t    } else {\r\n\t        log.Information(`Future execution`);\r\n\t\r\n\t        if (configuration.startOnDateTimeVariable) {\r\n\t            let startOn = DateTime.Parse(ctx[configuration.startOnDateTimeVariable]);\r\n\t\r\n\t            log.Information(`Executing step '${connections.execute.step}' on '${startOn.ToString()}'.`);\r\n\t\r\n\t            trigger.SubProcess(connections.execute.step).On(startOn);\r\n\t        } else {\r\n\t            if (!configuration.startInType) {\r\n\t                log.Error(`Unable to start step in X, as startInType is not set`);\r\n\t                return;\r\n\t            }\r\n\t\r\n\t            const startInInt = parseInt(configuration.startIn);\r\n\t\r\n\t            if (isNaN(startInInt)) {\r\n\t                throw(\"startIn is not an integer - unable to continue\");\r\n\t            }\r\n\t\r\n\t            log.Information(`Executing step '${connections.execute.step}' in '${startInInt} Days'.`);\r\n\t\r\n\t            trigger.SubProcess(connections.execute.step).In(startInInt)[\"Days\"];\r\n\t        }\r\n\t    }\r\n\t}\r\n\t\r\n\t\r\n};\r\n"
    },
    {
      "VisualPlanStepActionId": "6f60dbbb-62e6-4698-a9b5-b11c00e93e9f",
      "GeneratedScript": "{\r\n\tlet config = {\r\n\t  \"deltaAmount\": 500,\r\n\t  \"pmsReferenceVariable\": \"pmsReference\"\r\n\t};\r\n\t\r\n\tfunction getParameters()\r\n\t{\r\n\t    if( !config.pmsReferenceVariable )\r\n\t    {\r\n\t        log.Warning(\"No input variable was specified for PMS reference\");\r\n\t        return null;\r\n\t    }\r\n\t\r\n\t    let reference = ctx[config.pmsReferenceVariable];\r\n\t    if( !reference )\r\n\t    {\r\n\t        log.Warning(\"Empty PMS reference\");\r\n\t        return null;\r\n\t    }\r\n\t    \r\n\t    let delta = config.deltaAmount;\r\n\t    if( !delta )\r\n\t    {\r\n\t        log.Warning(\"Delta amount is 0 - not calling PMS API\");\r\n\t        return null;\r\n\t    }\r\n\t    \r\n\t    return { \r\n\t        reference:reference, \r\n\t        delta:delta\r\n\t    };\r\n\t}\r\n\t\r\n\tfunction sendToAPI()\r\n\t{\r\n\t    let parameters = getParameters();\r\n\t    if( !parameters ) return;\r\n\t    \r\n\t    let payload =\r\n\t    {\r\n\t        delta: parameters.delta\r\n\t    };\r\n\t\r\n\t    let httpResult = sharedo.http.post(\"/api/proxy/demo01/_/api/matter/\" + parameters.reference + \"/financials\", payload);\r\n\t    if( !httpResult.success )\r\n\t    {\r\n\t        throw \"Failed to update matter balance in PMS. API returned '\" + httpResult.status + \"'\";\r\n\t    }\r\n\t\r\n\t    log.Information(\"PMS API Call success - offset \" + parameters.reference + \" by \" + parameters.delta);\r\n\t}\r\n\t\r\n\tsendToAPI();\r\n};\r\n"
    },
    {
      "VisualPlanStepActionId": "1bbca69b-9a4c-4989-8a55-b11c00e93ea6",
      "GeneratedScript": "{\r\n\tlet configuration = {\r\n\t  \"now\": true,\r\n\t  \"startOnDateTimeVariable\": null,\r\n\t  \"startIn\": 1,\r\n\t  \"startInType\": \"Days\",\r\n\t  \"description\": \"Start step\"\r\n\t};\r\n\tlet connections = {\r\n\t  \"execute\": {\r\n\t    \"step\": \"finish\",\r\n\t    \"port\": \"left3\",\r\n\t    \"points\": []\r\n\t  }\r\n\t};\r\n\t\r\n\tif (!connections.execute) {\r\n\t    log.Warning(\"Start step defined but has not been connected to a target step\");\r\n\t} else {\r\n\t    if (configuration.now === undefined || configuration.now === true) {\r\n\t        log.Information(`Executing step '${connections.execute.step}' immediately.`);\r\n\t        trigger.SubProcess(connections.execute.step).Now();\r\n\t    } else {\r\n\t        log.Information(`Future execution`);\r\n\t\r\n\t        if (configuration.startOnDateTimeVariable) {\r\n\t            let startOn = DateTime.Parse(ctx[configuration.startOnDateTimeVariable]);\r\n\t\r\n\t            log.Information(`Executing step '${connections.execute.step}' on '${startOn.ToString()}'.`);\r\n\t\r\n\t            trigger.SubProcess(connections.execute.step).On(startOn);\r\n\t        } else {\r\n\t            if (!configuration.startInType) {\r\n\t                log.Error(`Unable to start step in X, as startInType is not set`);\r\n\t                return;\r\n\t            }\r\n\t\r\n\t            const startInInt = parseInt(configuration.startIn);\r\n\t\r\n\t            if (isNaN(startInInt)) {\r\n\t                throw(\"startIn is not an integer - unable to continue\");\r\n\t            }\r\n\t\r\n\t            log.Information(`Executing step '${connections.execute.step}' in '${startInInt} Days'.`);\r\n\t\r\n\t            trigger.SubProcess(connections.execute.step).In(startInInt)[\"Days\"];\r\n\t        }\r\n\t    }\r\n\t}\r\n\t\r\n\t\r\n};\r\n"
    }
  ],
  "PublishedVersions": [],
  "PublishedSteps": [],
  "PublishedActions": [],
  "PublishedVariables": [],
  "PublishedScripts": []
}