{
  "Plan": null,
  "VisualPlan": {
    "SystemName": "Demo-01---PMS-Onboarding",
    "Name": "Demo 01 - PMS Onboarding",
    "Description": null,
    "Errored": false,
    "OverrideNotifications": false,
    "ExceptionNotifications": true,
    "ExceptionNotificationEmailAddresses": ""
  },
  "Steps": [
    {
      "VisualPlanSystemName": "Demo-01---PMS-Onboarding",
      "IdeData": "{\r\n  \"x\": 150,\r\n  \"y\": -225\r\n}",
      "SystemName": "callPMSAPI",
      "Name": "Call PMS API",
      "Description": null,
      "IsStart": false,
      "IsEnd": false,
      "IsOptimal": true
    },
    {
      "VisualPlanSystemName": "Demo-01---PMS-Onboarding",
      "IdeData": "{\r\n  \"x\": 350,\r\n  \"y\": 125\r\n}",
      "SystemName": "finish",
      "Name": "Plan complete",
      "Description": "The plan is complete",
      "IsStart": false,
      "IsEnd": true,
      "IsOptimal": true
    },
    {
      "VisualPlanSystemName": "Demo-01---PMS-Onboarding",
      "IdeData": "{\r\n  \"x\": -200,\r\n  \"y\": -225\r\n}",
      "SystemName": "main",
      "Name": "Main entry point",
      "Description": "The main entry point of the plan",
      "IsStart": true,
      "IsEnd": false,
      "IsOptimal": true
    }
  ],
  "Actions": [
    {
      "Id": "e00c9264-3cd5-4bac-9f6e-b11c00dc2b30",
      "Order": 0,
      "VisualPlanSystemName": "Demo-01---PMS-Onboarding",
      "VisualPlanStepSystemName": "main",
      "Configuration": "{\r\n  \"now\": true,\r\n  \"startOnDateTimeVariable\": null,\r\n  \"startIn\": 1,\r\n  \"startInType\": \"Days\",\r\n  \"description\": \"Finish\"\r\n}",
      "Connections": "{\r\n  \"execute\": {\r\n    \"step\": \"callPMSAPI\",\r\n    \"port\": \"left3\",\r\n    \"points\": []\r\n  }\r\n}",
      "ActionSystemName": "startStep",
      "Name": "Finish"
    },
    {
      "Id": "09faaf18-8c09-4d26-81a0-b11c00dc2b37",
      "Order": 0,
      "VisualPlanSystemName": "Demo-01---PMS-Onboarding",
      "VisualPlanStepSystemName": "callPMSAPI",
      "Configuration": "{\r\n  \"outputVariable\": \"pmsReference\"\r\n}",
      "Connections": "{}",
      "ActionSystemName": "PMSOnboardingAction",
      "Name": "Call PMS API"
    },
    {
      "Id": "9b553db6-3a7e-4b82-8651-b11c00dc2b3e",
      "Order": 1,
      "VisualPlanSystemName": "Demo-01---PMS-Onboarding",
      "VisualPlanStepSystemName": "callPMSAPI",
      "Configuration": "{\r\n  \"variables\": [\r\n    \"pmsReference\"\r\n  ]\r\n}",
      "Connections": "{}",
      "ActionSystemName": "LogVariables",
      "Name": "Log Variables"
    },
    {
      "Id": "f84cca12-9281-4f07-af9d-b11c00dc2b4f",
      "Order": 2,
      "VisualPlanSystemName": "Demo-01---PMS-Onboarding",
      "VisualPlanStepSystemName": "callPMSAPI",
      "Configuration": "{\r\n  \"conditions\": [\r\n    {\r\n      \"id\": 1,\r\n      \"conditionName\": \"condition1\",\r\n      \"condition\": \"!ctx.pmsReference\",\r\n      \"label\": \"No reference\"\r\n    }\r\n  ]\r\n}",
      "Connections": "{\r\n  \"condition1\": {\r\n    \"step\": \"finish\",\r\n    \"port\": \"top5\",\r\n    \"points\": []\r\n  }\r\n}",
      "ActionSystemName": "ifBlock",
      "Name": "If"
    },
    {
      "Id": "c2bd2fe3-c4a0-4824-9126-b11c00dc2b64",
      "Order": 3,
      "VisualPlanSystemName": "Demo-01---PMS-Onboarding",
      "VisualPlanStepSystemName": "callPMSAPI",
      "Configuration": "{\r\n  \"mode\": \"formfield\",\r\n  \"workItemIdVariable\": \"matterId\",\r\n  \"newValueVariable\": \"pmsReference\",\r\n  \"newValue\": null,\r\n  \"attributeSystemName\": \"demo01PmsReference\",\r\n  \"formId\": \"36ef0949-39c2-490f-98a3-4280d56f9e85\"\r\n}",
      "Connections": "{}",
      "ActionSystemName": "UpdateAttribute",
      "Name": "Store PMS Reference"
    },
    {
      "Id": "ead359d0-9014-4631-9a9d-b11c00dc2b73",
      "Order": 4,
      "VisualPlanSystemName": "Demo-01---PMS-Onboarding",
      "VisualPlanStepSystemName": "callPMSAPI",
      "Configuration": "{\r\n  \"now\": true,\r\n  \"startOnDateTimeVariable\": null,\r\n  \"startIn\": 1,\r\n  \"startInType\": \"Days\",\r\n  \"description\": \"Start step\"\r\n}",
      "Connections": "{\r\n  \"execute\": {\r\n    \"step\": \"finish\",\r\n    \"port\": \"top3\",\r\n    \"points\": []\r\n  }\r\n}",
      "ActionSystemName": "startStep",
      "Name": "Start step"
    }
  ],
  "Variables": [
    {
      "VisualPlanSystemName": "Demo-01---PMS-Onboarding",
      "SystemName": "matterId",
      "Name": "Matter Id",
      "DefaultValue": null,
      "Type": "/Identifier/Work Item Identifier",
      "IsCollection": false,
      "IsInputVariable": true,
      "IsMandatory": true
    },
    {
      "VisualPlanSystemName": "Demo-01---PMS-Onboarding",
      "SystemName": "pmsReference",
      "Name": "pmsReference",
      "DefaultValue": null,
      "Type": "/String",
      "IsCollection": false,
      "IsInputVariable": false,
      "IsMandatory": false
    }
  ],
  "Scripts": [
    {
      "VisualPlanStepActionId": "e00c9264-3cd5-4bac-9f6e-b11c00dc2b30",
      "GeneratedScript": "{\r\n\tlet configuration = {\r\n\t  \"now\": true,\r\n\t  \"startOnDateTimeVariable\": null,\r\n\t  \"startIn\": 1,\r\n\t  \"startInType\": \"Days\",\r\n\t  \"description\": \"Finish\"\r\n\t};\r\n\tlet connections = {\r\n\t  \"execute\": {\r\n\t    \"step\": \"callPMSAPI\",\r\n\t    \"port\": \"left3\",\r\n\t    \"points\": []\r\n\t  }\r\n\t};\r\n\t\r\n\tif (!connections.execute) {\r\n\t    log.Warning(\"Start step defined but has not been connected to a target step\");\r\n\t} else {\r\n\t    if (configuration.now === undefined || configuration.now === true) {\r\n\t        log.Information(`Executing step '${connections.execute.step}' immediately.`);\r\n\t        trigger.SubProcess(connections.execute.step).Now();\r\n\t    } else {\r\n\t        log.Information(`Future execution`);\r\n\t\r\n\t        if (configuration.startOnDateTimeVariable) {\r\n\t            let startOn = DateTime.Parse(ctx[configuration.startOnDateTimeVariable]);\r\n\t\r\n\t            log.Information(`Executing step '${connections.execute.step}' on '${startOn.ToString()}'.`);\r\n\t\r\n\t            trigger.SubProcess(connections.execute.step).On(startOn);\r\n\t        } else {\r\n\t            if (!configuration.startInType) {\r\n\t                log.Error(`Unable to start step in X, as startInType is not set`);\r\n\t                return;\r\n\t            }\r\n\t\r\n\t            const startInInt = parseInt(configuration.startIn);\r\n\t\r\n\t            if (isNaN(startInInt)) {\r\n\t                throw(\"startIn is not an integer - unable to continue\");\r\n\t            }\r\n\t\r\n\t            log.Information(`Executing step '${connections.execute.step}' in '${startInInt} Days'.`);\r\n\t\r\n\t            trigger.SubProcess(connections.execute.step).In(startInInt)[\"Days\"];\r\n\t        }\r\n\t    }\r\n\t}\r\n\t\r\n\t\r\n};\r\n"
    },
    {
      "VisualPlanStepActionId": "09faaf18-8c09-4d26-81a0-b11c00dc2b37",
      "GeneratedScript": "{\r\n\tlet config = {\r\n\t  \"outputVariable\": \"pmsReference\"\r\n\t};\r\n\t\r\n\tlet payload =\r\n\t{\r\n\t    priority: 10,\r\n\t    confidential: true,\r\n\t    billingArrangements: \"No win, no fee\"\r\n\t};\r\n\t\r\n\tlet httpResult = sharedo.http.post(\"/api/proxy/demo01/_/api/matter\", payload);\r\n\t\r\n\tif( !httpResult.success )\r\n\t{\r\n\t    throw \"Failed to onboard matter in PMS. API returned '\" + httpResult.status + \"'\";\r\n\t}\r\n\t\r\n\tlet result = httpResult.body;\r\n\t\r\n\tlog.Information(\"PMS API Call success - result is: \" + JSON.stringify(result));\r\n\t\r\n\tif( !config.outputVariable )\r\n\t{\r\n\t    log.Warning(\"No output variable set to store PMS Reference\");\r\n\t}\r\n\t\r\n\tif( !result.pmsReference )\r\n\t{\r\n\t    log.Warning(\"PMS reference returned is empty!\");\r\n\t}\r\n\t\r\n\tif( config.outputVariable && result.pmsReference )\r\n\t{\r\n\t    log.Information(\"Storing \" + result.pmsReference + \"into ctx.\" + config.outputVariable);\r\n\t    ctx[config.outputVariable] = result.pmsReference;\r\n\t}\r\n\t\r\n};\r\n"
    },
    {
      "VisualPlanStepActionId": "9b553db6-3a7e-4b82-8651-b11c00dc2b3e",
      "GeneratedScript": "{\r\n\t\r\n\t    {\r\n\t        let variableValue = ctx[\"pmsReference\"];\r\n\t        \r\n\t        if (variableValue && variableValue.ToString) {\r\n\t            variableValue = variableValue.ToString();\r\n\t        }\r\n\t\r\n\t        log.Information(\"Current value of pmsReference is:\" + variableValue);\r\n\t    }\r\n\t\r\n};\r\n"
    },
    {
      "VisualPlanStepActionId": "f84cca12-9281-4f07-af9d-b11c00dc2b4f",
      "GeneratedScript": "{\r\n\tlet connections = {\r\n\t  \"condition1\": {\r\n\t    \"step\": \"finish\",\r\n\t    \"port\": \"top5\",\r\n\t    \"points\": []\r\n\t  }\r\n\t};\r\n\t    \r\n\tif (!ctx.pmsReference) \r\n\t{\r\n\t    if (!connections[\"condition1\"]) \r\n\t    {\r\n\t        log.Warning(\"If condition configured but not connected '!ctx.pmsReference' - 'No reference' - '!ctx.pmsReference'\")\r\n\t    } \r\n\t    else \r\n\t    {\r\n\t        trigger.SubProcess(connections[\"condition1\"].step).Now();\r\n\t    }\r\n\t    \r\n\t    // Condition matched - abort rest of IFs and the step\r\n\t    return;\r\n\t}\r\n\t\r\n\t\r\n};\r\n"
    },
    {
      "VisualPlanStepActionId": "c2bd2fe3-c4a0-4824-9126-b11c00dc2b64",
      "GeneratedScript": "{\r\n\tlet workItemId = ctx[\"matterId\"];\r\n\tlet newValue = sharedo.buildString(\"\");\r\n\tlet attributeSystemName = \"demo01PmsReference\";\r\n\t\r\n\tnewValue = ctx[\"pmsReference\"];\r\n\t\r\n\tlog.Information(`Updating attribute '${attributeSystemName}' to '${newValue}' for work item '${workItemId}'`);\r\n\t\r\n\tlet model = {\r\n\t    value: newValue\r\n\t};\r\n\t\r\n\tlet httpResult = sharedo.http.post(`/api/v1/public/workItem/${workItemId}/attributes/${attributeSystemName}/`, model);\r\n\tif (!httpResult.success)\r\n\t    throw \"Failed to update attribute - API returned '\" + httpResult.status + \"'\";\r\n\t\r\n};\r\n"
    },
    {
      "VisualPlanStepActionId": "ead359d0-9014-4631-9a9d-b11c00dc2b73",
      "GeneratedScript": "{\r\n\tlet configuration = {\r\n\t  \"now\": true,\r\n\t  \"startOnDateTimeVariable\": null,\r\n\t  \"startIn\": 1,\r\n\t  \"startInType\": \"Days\",\r\n\t  \"description\": \"Start step\"\r\n\t};\r\n\tlet connections = {\r\n\t  \"execute\": {\r\n\t    \"step\": \"finish\",\r\n\t    \"port\": \"top3\",\r\n\t    \"points\": []\r\n\t  }\r\n\t};\r\n\t\r\n\tif (!connections.execute) {\r\n\t    log.Warning(\"Start step defined but has not been connected to a target step\");\r\n\t} else {\r\n\t    if (configuration.now === undefined || configuration.now === true) {\r\n\t        log.Information(`Executing step '${connections.execute.step}' immediately.`);\r\n\t        trigger.SubProcess(connections.execute.step).Now();\r\n\t    } else {\r\n\t        log.Information(`Future execution`);\r\n\t\r\n\t        if (configuration.startOnDateTimeVariable) {\r\n\t            let startOn = DateTime.Parse(ctx[configuration.startOnDateTimeVariable]);\r\n\t\r\n\t            log.Information(`Executing step '${connections.execute.step}' on '${startOn.ToString()}'.`);\r\n\t\r\n\t            trigger.SubProcess(connections.execute.step).On(startOn);\r\n\t        } else {\r\n\t            if (!configuration.startInType) {\r\n\t                log.Error(`Unable to start step in X, as startInType is not set`);\r\n\t                return;\r\n\t            }\r\n\t\r\n\t            const startInInt = parseInt(configuration.startIn);\r\n\t\r\n\t            if (isNaN(startInInt)) {\r\n\t                throw(\"startIn is not an integer - unable to continue\");\r\n\t            }\r\n\t\r\n\t            log.Information(`Executing step '${connections.execute.step}' in '${startInInt} Days'.`);\r\n\t\r\n\t            trigger.SubProcess(connections.execute.step).In(startInInt)[\"Days\"];\r\n\t        }\r\n\t    }\r\n\t}\r\n\t\r\n\t\r\n};\r\n"
    }
  ],
  "PublishedVersions": [],
  "PublishedSteps": [],
  "PublishedActions": [],
  "PublishedVariables": [],
  "PublishedScripts": []
}