{
  "Plan": null,
  "VisualPlan": {
    "SystemName": "Demo-01---Risk",
    "Name": "Demo 01 - Risk",
    "Description": null,
    "Errored": false,
    "OverrideNotifications": false,
    "ExceptionNotifications": true,
    "ExceptionNotificationEmailAddresses": ""
  },
  "Steps": [
    {
      "VisualPlanSystemName": "Demo-01---Risk",
      "IdeData": "{\r\n  \"x\": 550,\r\n  \"y\": -150\r\n}",
      "SystemName": "finish",
      "Name": "Plan complete",
      "Description": "The plan is complete",
      "IsStart": false,
      "IsEnd": true,
      "IsOptimal": true
    },
    {
      "VisualPlanSystemName": "Demo-01---Risk",
      "IdeData": "{\r\n  \"x\": 225,\r\n  \"y\": -400\r\n}",
      "SystemName": "highRisk",
      "Name": "High risk",
      "Description": null,
      "IsStart": false,
      "IsEnd": false,
      "IsOptimal": false
    },
    {
      "VisualPlanSystemName": "Demo-01---Risk",
      "IdeData": "{\r\n  \"x\": 225,\r\n  \"y\": 100\r\n}",
      "SystemName": "lowRisk",
      "Name": "Low Risk",
      "Description": null,
      "IsStart": false,
      "IsEnd": false,
      "IsOptimal": false
    },
    {
      "VisualPlanSystemName": "Demo-01---Risk",
      "IdeData": "{\r\n  \"x\": -225,\r\n  \"y\": -250\r\n}",
      "SystemName": "main",
      "Name": "Main entry point",
      "Description": "The main entry point of the plan",
      "IsStart": true,
      "IsEnd": false,
      "IsOptimal": true
    },
    {
      "VisualPlanSystemName": "Demo-01---Risk",
      "IdeData": "{\r\n  \"x\": 225,\r\n  \"y\": -150\r\n}",
      "SystemName": "mediumRisk",
      "Name": "Medium Risk",
      "Description": null,
      "IsStart": false,
      "IsEnd": false,
      "IsOptimal": false
    }
  ],
  "Actions": [
    {
      "Id": "10934f9d-0c01-4280-9f56-b11c00ac2059",
      "Order": 0,
      "VisualPlanSystemName": "Demo-01---Risk",
      "VisualPlanStepSystemName": "main",
      "Configuration": "{\r\n  \"workItemId\": \"matterId\",\r\n  \"workItemType\": \"matter-private-client-general\",\r\n  \"variableMappings\": [\r\n    {\r\n      \"variableSystemName\": \"probability\",\r\n      \"composerPath\": \"workitem.form-demo01risk.demo01probability\"\r\n    },\r\n    {\r\n      \"variableSystemName\": \"impact\",\r\n      \"composerPath\": \"workitem.form-demo01risk.demo01impact\"\r\n    }\r\n  ],\r\n  \"collectionMappings\": []\r\n}",
      "Connections": "{}",
      "ActionSystemName": "loadData",
      "Name": "Load work item data"
    },
    {
      "Id": "16928c04-63f1-4a1a-99c9-b11c00ac205d",
      "Order": 1,
      "VisualPlanSystemName": "Demo-01---Risk",
      "VisualPlanStepSystemName": "main",
      "Configuration": "{\r\n  \"variables\": [\r\n    \"probability\",\r\n    \"impact\"\r\n  ]\r\n}",
      "Connections": "{}",
      "ActionSystemName": "LogVariables",
      "Name": "Log Variables"
    },
    {
      "Id": "5d2a6773-8b77-4ccf-b797-b11c00ac207a",
      "Order": 2,
      "VisualPlanSystemName": "Demo-01---Risk",
      "VisualPlanStepSystemName": "main",
      "Configuration": "{\r\n  \"probabilityVariable\": \"probability\",\r\n  \"impactVariable\": \"impact\"\r\n}",
      "Connections": "{\r\n  \"risk-high\": {\r\n    \"step\": \"highRisk\",\r\n    \"port\": \"left3\",\r\n    \"points\": []\r\n  },\r\n  \"risk-med\": {\r\n    \"step\": \"mediumRisk\",\r\n    \"port\": \"left3\",\r\n    \"points\": []\r\n  },\r\n  \"risk-low\": {\r\n    \"step\": \"lowRisk\",\r\n    \"port\": \"left3\",\r\n    \"points\": []\r\n  }\r\n}",
      "ActionSystemName": "RiskAction",
      "Name": "Risk evaluation"
    },
    {
      "Id": "11f90af0-b14e-4abd-b004-b11c00ac2082",
      "Order": 0,
      "VisualPlanSystemName": "Demo-01---Risk",
      "VisualPlanStepSystemName": "highRisk",
      "Configuration": "{\r\n  \"now\": true,\r\n  \"startOnDateTimeVariable\": null,\r\n  \"startIn\": 1,\r\n  \"startInType\": \"Days\",\r\n  \"description\": \"Start step\"\r\n}",
      "Connections": "{\r\n  \"execute\": {\r\n    \"step\": \"finish\",\r\n    \"port\": \"top3\",\r\n    \"points\": []\r\n  }\r\n}",
      "ActionSystemName": "startStep",
      "Name": "Start step"
    },
    {
      "Id": "56664edc-0b1a-4443-ad58-b11c00ac2089",
      "Order": 0,
      "VisualPlanSystemName": "Demo-01---Risk",
      "VisualPlanStepSystemName": "mediumRisk",
      "Configuration": "{\r\n  \"now\": true,\r\n  \"startOnDateTimeVariable\": null,\r\n  \"startIn\": 1,\r\n  \"startInType\": \"Days\",\r\n  \"description\": \"Start step\"\r\n}",
      "Connections": "{\r\n  \"execute\": {\r\n    \"step\": \"finish\",\r\n    \"port\": \"left3\",\r\n    \"points\": []\r\n  }\r\n}",
      "ActionSystemName": "startStep",
      "Name": "Start step"
    },
    {
      "Id": "382504ab-b049-4642-b334-b11c00ac208e",
      "Order": 0,
      "VisualPlanSystemName": "Demo-01---Risk",
      "VisualPlanStepSystemName": "lowRisk",
      "Configuration": "{\r\n  \"now\": true,\r\n  \"startOnDateTimeVariable\": null,\r\n  \"startIn\": 1,\r\n  \"startInType\": \"Days\",\r\n  \"description\": \"Start step\"\r\n}",
      "Connections": "{\r\n  \"execute\": {\r\n    \"step\": \"finish\",\r\n    \"port\": \"bottom3\",\r\n    \"points\": []\r\n  }\r\n}",
      "ActionSystemName": "startStep",
      "Name": "Start step"
    }
  ],
  "Variables": [
    {
      "VisualPlanSystemName": "Demo-01---Risk",
      "SystemName": "impact",
      "Name": "impact",
      "DefaultValue": null,
      "Type": "/Number",
      "IsCollection": false,
      "IsInputVariable": false,
      "IsMandatory": false
    },
    {
      "VisualPlanSystemName": "Demo-01---Risk",
      "SystemName": "matterId",
      "Name": "matterId",
      "DefaultValue": null,
      "Type": "/Identifier/Work Item Identifier",
      "IsCollection": false,
      "IsInputVariable": true,
      "IsMandatory": true
    },
    {
      "VisualPlanSystemName": "Demo-01---Risk",
      "SystemName": "probability",
      "Name": "probability",
      "DefaultValue": null,
      "Type": "/Number",
      "IsCollection": false,
      "IsInputVariable": false,
      "IsMandatory": false
    }
  ],
  "Scripts": [
    {
      "VisualPlanStepActionId": "10934f9d-0c01-4280-9f56-b11c00ac2059",
      "GeneratedScript": "{\r\n\t\r\n\tlet variableMappings = [\r\n\t  {\r\n\t    \"variableSystemName\": \"probability\",\r\n\t    \"composerPath\": \"workitem.form-demo01risk.demo01probability\"\r\n\t  },\r\n\t  {\r\n\t    \"variableSystemName\": \"impact\",\r\n\t    \"composerPath\": \"workitem.form-demo01risk.demo01impact\"\r\n\t  }\r\n\t];\r\n\tlet collectionMappings = [];\r\n\t\r\n\tlet model =\r\n\t{\r\n\t    entityType: \"matter-private-client-general\",\r\n\t    fields: [],\r\n\t    allowParallelExecution: true,\r\n\t    executeCalculatedFields: true,\r\n\t    responseType: \"flat\",\r\n\t    entityId: ctx[\"matterId\"]\r\n\t}\r\n\t\r\n\tvariableMappings.forEach(function (m) {\r\n\t    model.fields.push({ path: m.composerPath });\r\n\t});\r\n\t\r\n\tcollectionMappings.forEach(function (m) {\r\n\t    model.fields.push({ path: m.composerPath, includeFields: [{ path: m.propertyPath }] });\r\n\t});\r\n\t\r\n\tlet httpResult = sharedo.http.post(\"/api/executionengine/graph/sharedo/query\", model);\r\n\tif (!httpResult.success)\r\n\t    throw \"Failed to load data from graph API - API returned '\" + httpResult.status + \"'\";\r\n\t\r\n\tlet result = httpResult.body;\r\n\t\r\n\tvariableMappings.forEach(function (f) {\r\n\t    ctx[f.variableSystemName] = result.data[f.composerPath];\r\n\t    log.Information(\"LOAD \" + f.variableSystemName + \"[\" + f.composerPath + \"]:=\" + result.data[f.composerPath]);\r\n\t});\r\n\t\r\n\tcollectionMappings.forEach(function (f) {\r\n\t    ctx[f.variableSystemName] = [];\r\n\t\r\n\t    let dataArray = result.data[f.composerPath];\r\n\t\r\n\t    if (dataArray && dataArray.length) {\r\n\t        let logMessage = \"LOADCOLLECTION \" + f.variableSystemName + \"[\" + f.composerPath + \"]:=[\";\r\n\t\r\n\t        dataArray.forEach(function (d) {\r\n\t            ctx[f.variableSystemName].push(d[f.propertyPath]);\r\n\t\r\n\t            logMessage += d[f.propertyPath] + \",\";\r\n\t        });\r\n\t\r\n\t        logMessage += \"]\";\r\n\t\r\n\t        log.Information(logMessage);\r\n\t    }\r\n\t});\r\n\t\r\n\t\r\n};\r\n"
    },
    {
      "VisualPlanStepActionId": "16928c04-63f1-4a1a-99c9-b11c00ac205d",
      "GeneratedScript": "{\r\n\t\r\n\t    {\r\n\t        let variableValue = ctx[\"probability\"];\r\n\t        \r\n\t        if (variableValue && variableValue.ToString) {\r\n\t            variableValue = variableValue.ToString();\r\n\t        }\r\n\t\r\n\t        log.Information(\"Current value of probability is:\" + variableValue);\r\n\t    }\r\n\t\r\n\t    {\r\n\t        let variableValue = ctx[\"impact\"];\r\n\t        \r\n\t        if (variableValue && variableValue.ToString) {\r\n\t            variableValue = variableValue.ToString();\r\n\t        }\r\n\t\r\n\t        log.Information(\"Current value of impact is:\" + variableValue);\r\n\t    }\r\n\t\r\n};\r\n"
    },
    {
      "VisualPlanStepActionId": "5d2a6773-8b77-4ccf-b797-b11c00ac207a",
      "GeneratedScript": "{\r\n\tlet config = {\r\n\t  \"probabilityVariable\": \"probability\",\r\n\t  \"impactVariable\": \"impact\"\r\n\t};\r\n\tlet connections = {\r\n\t  \"risk-high\": {\r\n\t    \"step\": \"highRisk\",\r\n\t    \"port\": \"left3\",\r\n\t    \"points\": []\r\n\t  },\r\n\t  \"risk-med\": {\r\n\t    \"step\": \"mediumRisk\",\r\n\t    \"port\": \"left3\",\r\n\t    \"points\": []\r\n\t  },\r\n\t  \"risk-low\": {\r\n\t    \"step\": \"lowRisk\",\r\n\t    \"port\": \"left3\",\r\n\t    \"points\": []\r\n\t  }\r\n\t};\r\n\tlet risk = 0;\r\n\t\r\n\tif( config.probabilityVariable && config.impactVariable )\r\n\t{\r\n\t    let probability = ctx[config.probabilityVariable] || 0;\r\n\t    let impact = ctx[config.impactVariable] || 0;\r\n\t    \r\n\t    log.Information(\"Probability is: \" + probability);\r\n\t    log.Information(\"Impact is: \" + impact);\r\n\t    \r\n\t    risk = probability * impact;\r\n\t    log.Information(\"Risk is: \" + risk + \"%\");\r\n\t}\r\n\telse\r\n\t{\r\n\t    log.Warning(\"Not probabilit/impact variables specified - assuming risk is 0\")\r\n\t}\r\n\t\r\n\tif( risk <= 30 ) follow(\"risk-low\");\r\n\tif( risk > 30 && risk < 70 ) follow(\"risk-med\");\r\n\tif( risk >= 70 ) follow(\"risk-high\");\r\n\t\r\n\t// Do no further processing within this step;\r\n\treturn;\r\n\t\r\n\tfunction follow(outlet)\r\n\t{\r\n\t    targetStep = connections[outlet];\r\n\t    if( targetStep )\r\n\t    {\r\n\t        log.Information(\"Outlet \" + outlet + \" is configured - triggering \" + targetStep.step);\r\n\t        trigger.SubProcess(targetStep.step).Now();\r\n\t    }\r\n\t    else\r\n\t    {\r\n\t        log.Warning(\"Outlet \" + outlet + \" is not configured - stopping\");\r\n\t    }\r\n\t}\r\n\t\r\n};\r\n"
    },
    {
      "VisualPlanStepActionId": "11f90af0-b14e-4abd-b004-b11c00ac2082",
      "GeneratedScript": "{\r\n\tlet configuration = {\r\n\t  \"now\": true,\r\n\t  \"startOnDateTimeVariable\": null,\r\n\t  \"startIn\": 1,\r\n\t  \"startInType\": \"Days\",\r\n\t  \"description\": \"Start step\"\r\n\t};\r\n\tlet connections = {\r\n\t  \"execute\": {\r\n\t    \"step\": \"finish\",\r\n\t    \"port\": \"top3\",\r\n\t    \"points\": []\r\n\t  }\r\n\t};\r\n\t\r\n\tif (!connections.execute) {\r\n\t    log.Warning(\"Start step defined but has not been connected to a target step\");\r\n\t} else {\r\n\t    if (configuration.now === undefined || configuration.now === true) {\r\n\t        log.Information(`Executing step '${connections.execute.step}' immediately.`);\r\n\t        trigger.SubProcess(connections.execute.step).Now();\r\n\t    } else {\r\n\t        log.Information(`Future execution`);\r\n\t\r\n\t        if (configuration.startOnDateTimeVariable) {\r\n\t            let startOn = DateTime.Parse(ctx[configuration.startOnDateTimeVariable]);\r\n\t\r\n\t            log.Information(`Executing step '${connections.execute.step}' on '${startOn.ToString()}'.`);\r\n\t\r\n\t            trigger.SubProcess(connections.execute.step).On(startOn);\r\n\t        } else {\r\n\t            if (!configuration.startInType) {\r\n\t                log.Error(`Unable to start step in X, as startInType is not set`);\r\n\t                return;\r\n\t            }\r\n\t\r\n\t            const startInInt = parseInt(configuration.startIn);\r\n\t\r\n\t            if (isNaN(startInInt)) {\r\n\t                throw(\"startIn is not an integer - unable to continue\");\r\n\t            }\r\n\t\r\n\t            log.Information(`Executing step '${connections.execute.step}' in '${startInInt} Days'.`);\r\n\t\r\n\t            trigger.SubProcess(connections.execute.step).In(startInInt)[\"Days\"];\r\n\t        }\r\n\t    }\r\n\t}\r\n\t\r\n\t\r\n};\r\n"
    },
    {
      "VisualPlanStepActionId": "56664edc-0b1a-4443-ad58-b11c00ac2089",
      "GeneratedScript": "{\r\n\tlet configuration = {\r\n\t  \"now\": true,\r\n\t  \"startOnDateTimeVariable\": null,\r\n\t  \"startIn\": 1,\r\n\t  \"startInType\": \"Days\",\r\n\t  \"description\": \"Start step\"\r\n\t};\r\n\tlet connections = {\r\n\t  \"execute\": {\r\n\t    \"step\": \"finish\",\r\n\t    \"port\": \"left3\",\r\n\t    \"points\": []\r\n\t  }\r\n\t};\r\n\t\r\n\tif (!connections.execute) {\r\n\t    log.Warning(\"Start step defined but has not been connected to a target step\");\r\n\t} else {\r\n\t    if (configuration.now === undefined || configuration.now === true) {\r\n\t        log.Information(`Executing step '${connections.execute.step}' immediately.`);\r\n\t        trigger.SubProcess(connections.execute.step).Now();\r\n\t    } else {\r\n\t        log.Information(`Future execution`);\r\n\t\r\n\t        if (configuration.startOnDateTimeVariable) {\r\n\t            let startOn = DateTime.Parse(ctx[configuration.startOnDateTimeVariable]);\r\n\t\r\n\t            log.Information(`Executing step '${connections.execute.step}' on '${startOn.ToString()}'.`);\r\n\t\r\n\t            trigger.SubProcess(connections.execute.step).On(startOn);\r\n\t        } else {\r\n\t            if (!configuration.startInType) {\r\n\t                log.Error(`Unable to start step in X, as startInType is not set`);\r\n\t                return;\r\n\t            }\r\n\t\r\n\t            const startInInt = parseInt(configuration.startIn);\r\n\t\r\n\t            if (isNaN(startInInt)) {\r\n\t                throw(\"startIn is not an integer - unable to continue\");\r\n\t            }\r\n\t\r\n\t            log.Information(`Executing step '${connections.execute.step}' in '${startInInt} Days'.`);\r\n\t\r\n\t            trigger.SubProcess(connections.execute.step).In(startInInt)[\"Days\"];\r\n\t        }\r\n\t    }\r\n\t}\r\n\t\r\n\t\r\n};\r\n"
    },
    {
      "VisualPlanStepActionId": "382504ab-b049-4642-b334-b11c00ac208e",
      "GeneratedScript": "{\r\n\tlet configuration = {\r\n\t  \"now\": true,\r\n\t  \"startOnDateTimeVariable\": null,\r\n\t  \"startIn\": 1,\r\n\t  \"startInType\": \"Days\",\r\n\t  \"description\": \"Start step\"\r\n\t};\r\n\tlet connections = {\r\n\t  \"execute\": {\r\n\t    \"step\": \"finish\",\r\n\t    \"port\": \"bottom3\",\r\n\t    \"points\": []\r\n\t  }\r\n\t};\r\n\t\r\n\tif (!connections.execute) {\r\n\t    log.Warning(\"Start step defined but has not been connected to a target step\");\r\n\t} else {\r\n\t    if (configuration.now === undefined || configuration.now === true) {\r\n\t        log.Information(`Executing step '${connections.execute.step}' immediately.`);\r\n\t        trigger.SubProcess(connections.execute.step).Now();\r\n\t    } else {\r\n\t        log.Information(`Future execution`);\r\n\t\r\n\t        if (configuration.startOnDateTimeVariable) {\r\n\t            let startOn = DateTime.Parse(ctx[configuration.startOnDateTimeVariable]);\r\n\t\r\n\t            log.Information(`Executing step '${connections.execute.step}' on '${startOn.ToString()}'.`);\r\n\t\r\n\t            trigger.SubProcess(connections.execute.step).On(startOn);\r\n\t        } else {\r\n\t            if (!configuration.startInType) {\r\n\t                log.Error(`Unable to start step in X, as startInType is not set`);\r\n\t                return;\r\n\t            }\r\n\t\r\n\t            const startInInt = parseInt(configuration.startIn);\r\n\t\r\n\t            if (isNaN(startInInt)) {\r\n\t                throw(\"startIn is not an integer - unable to continue\");\r\n\t            }\r\n\t\r\n\t            log.Information(`Executing step '${connections.execute.step}' in '${startInInt} Days'.`);\r\n\t\r\n\t            trigger.SubProcess(connections.execute.step).In(startInInt)[\"Days\"];\r\n\t        }\r\n\t    }\r\n\t}\r\n\t\r\n\t\r\n};\r\n"
    }
  ],
  "PublishedVersions": [],
  "PublishedSteps": [],
  "PublishedActions": [],
  "PublishedVariables": [],
  "PublishedScripts": []
}